subreddit,date_utc,rows
Adulting,2022-11-01,529
Adulting,2022-11-02,546
Adulting,2022-11-03,439
Adulting,2022-11-04,405
Adulting,2022-11-05,422
Adulting,2022-11-06,547
Adulting,2022-11-07,236
Adulting,2022-11-08,416
Adulting,2022-11-09,383
Adulting,2022-11-10,320
Adulting,2022-11-11,266
Adulting,2022-11-12,279
Adulting,2022-11-13,361
Adulting,2022-11-14,312
Adulting,2022-11-15,223
Adulting,2022-11-16,316
Adulting,2022-11-17,326
Adulting,2022-11-18,395
Adulting,2022-11-19,379
Adulting,2022-11-20,895
Adulting,2022-11-21,824
Adulting,2022-11-22,501
Adulting,2022-11-23,560
Adulting,2022-11-24,224
Adulting,2022-11-25,420
Adulting,2022-11-26,476
Adulting,2022-11-27,556
Adulting,2022-11-28,592
Adulting,2022-11-29,826
Adulting,2022-11-30,508
Adulting,2022-12-01,414
Adulting,2022-12-02,501
Adulting,2022-12-03,233
Adulting,2022-12-04,540
Adulting,2022-12-05,598
Adulting,2022-12-06,413
Adulting,2022-12-07,307
Adulting,2022-12-08,473
Adulting,2022-12-09,585
Adulting,2022-12-10,587
Adulting,2022-12-11,478
Adulting,2022-12-12,456
Adulting,2022-12-13,655
Adulting,2022-12-14,339
Adulting,2023-01-01,14
Adulting,2023-02-01,5
Adulting,2023-03-01,3
Adulting,2023-04-01,3
Advice,2022-11-01,6286
Advice,2022-11-02,6111
Advice,2022-11-03,5942
Advice,2022-11-04,6014
Advice,2022-11-05,5582
Advice,2022-11-06,5934
Advice,2022-11-07,5345
Advice,2022-11-08,6443
Advice,2022-11-09,5662
Advice,2022-11-10,5894
Advice,2022-11-11,6186
Advice,2022-11-12,5721
Advice,2022-11-13,5862
Advice,2022-11-14,5896
Advice,2022-11-15,6535
Advice,2022-11-16,6332
Advice,2022-11-17,6281
Advice,2022-11-18,6125
Advice,2022-11-19,5228
Advice,2022-11-20,5164
Advice,2022-11-21,6272
Advice,2022-11-22,6423
Advice,2022-11-23,5517
Advice,2022-11-24,5037
Advice,2022-11-25,4856
Advice,2022-11-26,6269
Advice,2022-11-27,5744
Advice,2022-11-28,6446
Advice,2022-11-29,6996
Advice,2022-11-30,5296
Advice,2022-12-01,6075
Advice,2022-12-02,6459
Advice,2022-12-03,5863
Advice,2022-12-04,5837
Advice,2022-12-05,6790
Advice,2022-12-06,5678
Advice,2022-12-07,6394
Advice,2022-12-08,5586
Advice,2022-12-09,5929
Advice,2022-12-10,5894
Advice,2022-12-11,6080
Advice,2022-12-12,5708
Advice,2022-12-13,6890
Advice,2022-12-14,2957
Advice,2023-01-01,145
Advice,2023-02-01,74
Advice,2023-03-01,14
Advice,2023-04-01,27
Aquariums,2022-11-01,2156
Aquariums,2022-11-02,2392
Aquariums,2022-11-03,2208
Aquariums,2022-11-04,2725
Aquariums,2022-11-05,2190
Aquariums,2022-11-06,2432
Aquariums,2022-11-07,2571
Aquariums,2022-11-08,2484
Aquariums,2022-11-09,2280
Aquariums,2022-11-10,2261
Aquariums,2022-11-11,2589
Aquariums,2022-11-12,2263
Aquariums,2022-11-13,2294
Aquariums,2022-11-14,2557
Aquariums,2022-11-15,2433
Aquariums,2022-11-16,2012
Aquariums,2022-11-17,2441
Aquariums,2022-11-18,2615
Aquariums,2022-11-19,2023
Aquariums,2022-11-20,2031
Aquariums,2022-11-21,2032
Aquariums,2022-11-22,2925
Aquariums,2022-11-23,2585
Aquariums,2022-11-24,2520
Aquariums,2022-11-25,2049
Aquariums,2022-11-26,2294
Aquariums,2022-11-27,2800
Aquariums,2022-11-28,2770
Aquariums,2022-11-29,2983
Aquariums,2022-11-30,2775
Aquariums,2022-12-01,2590
Aquariums,2022-12-02,2834
Aquariums,2022-12-03,2525
Aquariums,2022-12-04,2002
Aquariums,2022-12-05,2705
Aquariums,2022-12-06,2391
Aquariums,2022-12-07,2532
Aquariums,2022-12-08,2710
Aquariums,2022-12-09,2687
Aquariums,2022-12-10,2902
Aquariums,2022-12-11,2724
Aquariums,2022-12-12,2747
Aquariums,2022-12-13,2170
Aquariums,2022-12-14,1064
Aquariums,2023-01-01,82
Aquariums,2023-02-01,28
Aquariums,2023-03-01,15
Aquariums,2023-04-01,19
AskCulinary,2022-11-01,708
AskCulinary,2022-11-02,683
AskCulinary,2022-11-03,596
AskCulinary,2022-11-04,608
AskCulinary,2022-11-05,627
AskCulinary,2022-11-06,680
AskCulinary,2022-11-07,437
AskCulinary,2022-11-08,1035
AskCulinary,2022-11-09,826
AskCulinary,2022-11-10,724
AskCulinary,2022-11-11,717
AskCulinary,2022-11-12,783
AskCulinary,2022-11-13,583
AskCulinary,2022-11-14,621
AskCulinary,2022-11-15,433
AskCulinary,2022-11-16,721
AskCulinary,2022-11-17,637
AskCulinary,2022-11-18,580
AskCulinary,2022-11-19,413
AskCulinary,2022-11-20,685
AskCulinary,2022-11-21,710
AskCulinary,2022-11-22,681
AskCulinary,2022-11-23,876
AskCulinary,2022-11-24,1119
AskCulinary,2022-11-25,920
AskCulinary,2022-11-26,774
AskCulinary,2022-11-27,680
AskCulinary,2022-11-28,515
AskCulinary,2022-11-29,593
AskCulinary,2022-11-30,458
AskCulinary,2022-12-01,552
AskCulinary,2022-12-02,594
AskCulinary,2022-12-03,660
AskCulinary,2022-12-04,555
AskCulinary,2022-12-05,711
AskCulinary,2022-12-06,608
AskCulinary,2022-12-07,565
AskCulinary,2022-12-08,572
AskCulinary,2022-12-09,501
AskCulinary,2022-12-10,719
AskCulinary,2022-12-11,644
AskCulinary,2022-12-12,603
AskCulinary,2022-12-13,712
AskCulinary,2022-12-14,240
AskCulinary,2023-01-01,9
AskCulinary,2023-02-01,17
AskCulinary,2023-03-01,3
AskPhotography,2022-11-01,403
AskPhotography,2022-11-02,587
AskPhotography,2022-11-03,473
AskPhotography,2022-11-04,362
AskPhotography,2022-11-05,387
AskPhotography,2022-11-06,499
AskPhotography,2022-11-07,357
AskPhotography,2022-11-08,375
AskPhotography,2022-11-09,502
AskPhotography,2022-11-10,407
AskPhotography,2022-11-11,283
AskPhotography,2022-11-12,317
AskPhotography,2022-11-13,355
AskPhotography,2022-11-14,434
AskPhotography,2022-11-15,448
AskPhotography,2022-11-16,379
AskPhotography,2022-11-17,355
AskPhotography,2022-11-18,345
AskPhotography,2022-11-19,369
AskPhotography,2022-11-20,459
AskPhotography,2022-11-21,306
AskPhotography,2022-11-22,439
AskPhotography,2022-11-23,327
AskPhotography,2022-11-24,334
AskPhotography,2022-11-25,549
AskPhotography,2022-11-26,318
AskPhotography,2022-11-27,390
AskPhotography,2022-11-28,632
AskPhotography,2022-11-29,478
AskPhotography,2022-11-30,356
AskPhotography,2022-12-01,347
AskPhotography,2022-12-02,372
AskPhotography,2022-12-03,361
AskPhotography,2022-12-04,305
AskPhotography,2022-12-05,302
AskPhotography,2022-12-06,361
AskPhotography,2022-12-07,319
AskPhotography,2022-12-08,287
AskPhotography,2022-12-09,402
AskPhotography,2022-12-10,348
AskPhotography,2022-12-11,372
AskPhotography,2022-12-12,593
AskPhotography,2022-12-13,544
AskPhotography,2022-12-14,242
AskPhotography,2023-01-01,20
AskPhotography,2023-02-01,5
AskPhotography,2023-04-01,1
AskProgramming,2022-11-01,159
AskProgramming,2022-11-02,211
AskProgramming,2022-11-03,141
AskProgramming,2022-11-04,176
AskProgramming,2022-11-05,129
AskProgramming,2022-11-06,144
AskProgramming,2022-11-07,143
AskProgramming,2022-11-08,166
AskProgramming,2022-11-09,291
AskProgramming,2022-11-10,169
AskProgramming,2022-11-11,163
AskProgramming,2022-11-12,151
AskProgramming,2022-11-13,152
AskProgramming,2022-11-14,123
AskProgramming,2022-11-15,166
AskProgramming,2022-11-16,106
AskProgramming,2022-11-17,126
AskProgramming,2022-11-18,159
AskProgramming,2022-11-19,137
AskProgramming,2022-11-20,140
AskProgramming,2022-11-21,106
AskProgramming,2022-11-22,133
AskProgramming,2022-11-23,119
AskProgramming,2022-11-24,162
AskProgramming,2022-11-25,133
AskProgramming,2022-11-26,96
AskProgramming,2022-11-27,70
AskProgramming,2022-11-28,172
AskProgramming,2022-11-29,131
AskProgramming,2022-11-30,136
AskProgramming,2022-12-01,141
AskProgramming,2022-12-02,174
AskProgramming,2022-12-03,146
AskProgramming,2022-12-04,156
AskProgramming,2022-12-05,292
AskProgramming,2022-12-06,254
AskProgramming,2022-12-07,155
AskProgramming,2022-12-08,257
AskProgramming,2022-12-09,210
AskProgramming,2022-12-10,216
AskProgramming,2022-12-11,150
AskProgramming,2022-12-12,165
AskProgramming,2022-12-13,174
AskProgramming,2022-12-14,53
AskProgramming,2023-02-01,3
AskProgramming,2023-03-01,1
AskScienceDiscussion,2022-11-01,90
AskScienceDiscussion,2022-11-02,65
AskScienceDiscussion,2022-11-03,91
AskScienceDiscussion,2022-11-04,83
AskScienceDiscussion,2022-11-05,97
AskScienceDiscussion,2022-11-06,93
AskScienceDiscussion,2022-11-07,83
AskScienceDiscussion,2022-11-08,101
AskScienceDiscussion,2022-11-09,116
AskScienceDiscussion,2022-11-10,119
AskScienceDiscussion,2022-11-11,166
AskScienceDiscussion,2022-11-12,98
AskScienceDiscussion,2022-11-13,135
AskScienceDiscussion,2022-11-14,215
AskScienceDiscussion,2022-11-15,190
AskScienceDiscussion,2022-11-16,153
AskScienceDiscussion,2022-11-17,148
AskScienceDiscussion,2022-11-18,85
AskScienceDiscussion,2022-11-19,57
AskScienceDiscussion,2022-11-20,108
AskScienceDiscussion,2022-11-21,78
AskScienceDiscussion,2022-11-22,48
AskScienceDiscussion,2022-11-23,126
AskScienceDiscussion,2022-11-24,79
AskScienceDiscussion,2022-11-25,57
AskScienceDiscussion,2022-11-26,62
AskScienceDiscussion,2022-11-27,89
AskScienceDiscussion,2022-11-28,67
AskScienceDiscussion,2022-11-29,87
AskScienceDiscussion,2022-11-30,116
AskScienceDiscussion,2022-12-01,139
AskScienceDiscussion,2022-12-02,123
AskScienceDiscussion,2022-12-03,53
AskScienceDiscussion,2022-12-04,77
AskScienceDiscussion,2022-12-05,91
AskScienceDiscussion,2022-12-06,317
AskScienceDiscussion,2022-12-07,103
AskScienceDiscussion,2022-12-08,100
AskScienceDiscussion,2022-12-09,120
AskScienceDiscussion,2022-12-10,51
AskScienceDiscussion,2022-12-11,76
AskScienceDiscussion,2022-12-12,79
AskScienceDiscussion,2022-12-13,81
AskScienceDiscussion,2022-12-14,48
AskScienceDiscussion,2023-01-01,3
AskScienceDiscussion,2023-03-01,1
Ask_Politics,2022-11-01,8
Ask_Politics,2022-11-02,11
Ask_Politics,2022-11-03,36
Ask_Politics,2022-11-04,32
Ask_Politics,2022-11-05,8
Ask_Politics,2022-11-06,10
Ask_Politics,2022-11-07,15
Ask_Politics,2022-11-08,22
Ask_Politics,2022-11-09,37
Ask_Politics,2022-11-10,18
Ask_Politics,2022-11-11,40
Ask_Politics,2022-11-12,16
Ask_Politics,2022-11-13,47
Ask_Politics,2022-11-14,22
Ask_Politics,2022-11-15,56
Ask_Politics,2022-11-16,50
Ask_Politics,2022-11-17,8
Ask_Politics,2022-11-18,17
Ask_Politics,2022-11-19,5
Ask_Politics,2022-11-20,10
Ask_Politics,2022-11-21,16
Ask_Politics,2022-11-22,7
Ask_Politics,2022-11-23,10
Ask_Politics,2022-11-24,10
Ask_Politics,2022-11-25,16
Ask_Politics,2022-11-26,4
Ask_Politics,2022-11-27,22
Ask_Politics,2022-11-28,8
Ask_Politics,2022-11-29,20
Ask_Politics,2022-11-30,18
Ask_Politics,2022-12-01,5
Ask_Politics,2022-12-02,10
Ask_Politics,2022-12-03,11
Ask_Politics,2022-12-04,22
Ask_Politics,2022-12-05,42
Ask_Politics,2022-12-06,22
Ask_Politics,2022-12-07,11
Ask_Politics,2022-12-08,25
Ask_Politics,2022-12-09,9
Ask_Politics,2022-12-10,3
Ask_Politics,2022-12-11,7
Ask_Politics,2022-12-12,10
Ask_Politics,2022-12-13,23
Ask_Politics,2022-12-14,12
CURRENTEVENTS,2022-11-26,1
ChubbyFIRE,2022-11-01,110
ChubbyFIRE,2022-11-02,40
ChubbyFIRE,2022-11-03,8
ChubbyFIRE,2022-11-04,93
ChubbyFIRE,2022-11-05,46
ChubbyFIRE,2022-11-06,6
ChubbyFIRE,2022-11-07,13
ChubbyFIRE,2022-11-08,12
ChubbyFIRE,2022-11-09,11
ChubbyFIRE,2022-11-10,5
ChubbyFIRE,2022-11-11,8
ChubbyFIRE,2022-11-12,33
ChubbyFIRE,2022-11-13,14
ChubbyFIRE,2022-11-14,4
ChubbyFIRE,2022-11-15,40
ChubbyFIRE,2022-11-16,28
ChubbyFIRE,2022-11-17,6
ChubbyFIRE,2022-11-18,4
ChubbyFIRE,2022-11-19,16
ChubbyFIRE,2022-11-20,21
ChubbyFIRE,2022-11-21,122
ChubbyFIRE,2022-11-22,62
ChubbyFIRE,2022-11-23,41
ChubbyFIRE,2022-11-24,11
ChubbyFIRE,2022-11-25,22
ChubbyFIRE,2022-11-26,18
ChubbyFIRE,2022-11-27,21
ChubbyFIRE,2022-11-28,102
ChubbyFIRE,2022-11-29,15
ChubbyFIRE,2022-11-30,20
ChubbyFIRE,2022-12-01,45
ChubbyFIRE,2022-12-02,143
ChubbyFIRE,2022-12-03,43
ChubbyFIRE,2022-12-04,9
ChubbyFIRE,2022-12-05,3
ChubbyFIRE,2022-12-06,1
ChubbyFIRE,2022-12-07,39
ChubbyFIRE,2022-12-08,71
ChubbyFIRE,2022-12-09,14
ChubbyFIRE,2022-12-10,8
ChubbyFIRE,2022-12-11,330
ChubbyFIRE,2022-12-12,30
ChubbyFIRE,2022-12-13,42
ChubbyFIRE,2022-12-14,2
ChubbyFIRE,2023-02-01,2
CodingHelp,2022-11-01,90
CodingHelp,2022-11-02,53
CodingHelp,2022-11-03,38
CodingHelp,2022-11-04,42
CodingHelp,2022-11-05,50
CodingHelp,2022-11-06,57
CodingHelp,2022-11-07,29
CodingHelp,2022-11-08,34
CodingHelp,2022-11-09,55
CodingHelp,2022-11-10,32
CodingHelp,2022-11-11,68
CodingHelp,2022-11-12,46
CodingHelp,2022-11-13,41
CodingHelp,2022-11-14,47
CodingHelp,2022-11-15,121
CodingHelp,2022-11-16,62
CodingHelp,2022-11-17,69
CodingHelp,2022-11-18,86
CodingHelp,2022-11-19,60
CodingHelp,2022-11-20,70
CodingHelp,2022-11-21,52
CodingHelp,2022-11-22,61
CodingHelp,2022-11-23,74
CodingHelp,2022-11-24,42
CodingHelp,2022-11-25,47
CodingHelp,2022-11-26,21
CodingHelp,2022-11-27,54
CodingHelp,2022-11-28,49
CodingHelp,2022-11-29,42
CodingHelp,2022-11-30,64
CodingHelp,2022-12-01,44
CodingHelp,2022-12-02,63
CodingHelp,2022-12-03,42
CodingHelp,2022-12-04,57
CodingHelp,2022-12-05,50
CodingHelp,2022-12-06,129
CodingHelp,2022-12-07,62
CodingHelp,2022-12-08,64
CodingHelp,2022-12-09,75
CodingHelp,2022-12-10,85
CodingHelp,2022-12-11,91
CodingHelp,2022-12-12,51
CodingHelp,2022-12-13,85
CodingHelp,2022-12-14,29
Cooking,2022-11-01,3941
Cooking,2022-11-02,3482
Cooking,2022-11-03,4165
Cooking,2022-11-04,3529
Cooking,2022-11-05,4146
Cooking,2022-11-06,4112
Cooking,2022-11-07,3373
Cooking,2022-11-08,3331
Cooking,2022-11-09,4151
Cooking,2022-11-10,2943
Cooking,2022-11-11,4176
Cooking,2022-11-12,4799
Cooking,2022-11-13,3872
Cooking,2022-11-14,3510
Cooking,2022-11-15,3711
Cooking,2022-11-16,4321
Cooking,2022-11-17,3678
Cooking,2022-11-18,3956
Cooking,2022-11-19,3638
Cooking,2022-11-20,3400
Cooking,2022-11-21,3461
Cooking,2022-11-22,3303
Cooking,2022-11-23,3698
Cooking,2022-11-24,3853
Cooking,2022-11-25,3124
Cooking,2022-11-26,2957
Cooking,2022-11-27,2770
Cooking,2022-11-28,3116
Cooking,2022-11-29,4175
Cooking,2022-11-30,4686
Cooking,2022-12-01,3834
Cooking,2022-12-02,4588
Cooking,2022-12-03,3965
Cooking,2022-12-04,5300
Cooking,2022-12-05,4370
Cooking,2022-12-06,3694
Cooking,2022-12-07,3384
Cooking,2022-12-08,4486
Cooking,2022-12-09,3935
Cooking,2022-12-10,2631
Cooking,2022-12-11,3729
Cooking,2022-12-12,4984
Cooking,2022-12-13,3942
Cooking,2022-12-14,992
Cooking,2023-01-01,78
Cooking,2023-02-01,40
Cooking,2023-03-01,15
Cooking,2023-04-01,19
CryptoMarkets,2022-11-01,138
CryptoMarkets,2022-11-02,133
CryptoMarkets,2022-11-03,230
CryptoMarkets,2022-11-04,276
CryptoMarkets,2022-11-05,268
CryptoMarkets,2022-11-06,163
CryptoMarkets,2022-11-07,206
CryptoMarkets,2022-11-08,306
CryptoMarkets,2022-11-09,356
CryptoMarkets,2022-11-10,390
CryptoMarkets,2022-11-11,426
CryptoMarkets,2022-11-12,430
CryptoMarkets,2022-11-13,439
CryptoMarkets,2022-11-14,700
CryptoMarkets,2022-11-15,449
CryptoMarkets,2022-11-16,493
CryptoMarkets,2022-11-17,399
CryptoMarkets,2022-11-18,380
CryptoMarkets,2022-11-19,296
CryptoMarkets,2022-11-20,396
CryptoMarkets,2022-11-21,333
CryptoMarkets,2022-11-22,316
CryptoMarkets,2022-11-23,332
CryptoMarkets,2022-11-24,286
CryptoMarkets,2022-11-25,313
CryptoMarkets,2022-11-26,177
CryptoMarkets,2022-11-27,232
CryptoMarkets,2022-11-28,259
CryptoMarkets,2022-11-29,351
CryptoMarkets,2022-11-30,306
CryptoMarkets,2022-12-01,394
CryptoMarkets,2022-12-02,217
CryptoMarkets,2022-12-03,234
CryptoMarkets,2022-12-04,399
CryptoMarkets,2022-12-05,336
CryptoMarkets,2022-12-06,381
CryptoMarkets,2022-12-07,346
CryptoMarkets,2022-12-08,241
CryptoMarkets,2022-12-09,291
CryptoMarkets,2022-12-10,200
CryptoMarkets,2022-12-11,380
CryptoMarkets,2022-12-12,297
CryptoMarkets,2022-12-13,363
CryptoMarkets,2022-12-14,251
CryptoMarkets,2023-04-01,1
Games,2022-11-01,5044
Games,2022-11-02,4731
Games,2022-11-03,5624
Games,2022-11-04,4263
Games,2022-11-05,3402
Games,2022-11-06,2687
Games,2022-11-07,6718
Games,2022-11-08,4699
Games,2022-11-09,4294
Games,2022-11-10,3650
Games,2022-11-11,3943
Games,2022-11-12,2871
Games,2022-11-13,1965
Games,2022-11-14,4479
Games,2022-11-15,5370
Games,2022-11-16,5216
Games,2022-11-17,7601
Games,2022-11-18,4290
Games,2022-11-19,2963
Games,2022-11-20,3687
Games,2022-11-21,3485
Games,2022-11-22,4241
Games,2022-11-23,5932
Games,2022-11-24,4191
Games,2022-11-25,2153
Games,2022-11-26,2602
Games,2022-11-27,2167
Games,2022-11-28,2496
Games,2022-11-29,4952
Games,2022-11-30,4898
Games,2022-12-01,3784
Games,2022-12-02,5753
Games,2022-12-03,2774
Games,2022-12-04,3144
Games,2022-12-05,5309
Games,2022-12-06,4996
Games,2022-12-07,5724
Games,2022-12-08,6131
Games,2022-12-09,21066
Games,2022-12-10,3453
Games,2022-12-11,2427
Games,2022-12-12,3813
Games,2022-12-13,5545
Games,2022-12-14,1605
Games,2023-01-01,39
Games,2023-02-01,42
Games,2023-03-01,14
Games,2023-04-01,18
GardeningIndoors,2022-11-01,8
GardeningIndoors,2022-11-02,5
GardeningIndoors,2022-11-03,8
GardeningIndoors,2022-11-04,1
GardeningIndoors,2022-11-05,2
GardeningIndoors,2022-11-06,3
GardeningIndoors,2022-11-07,9
GardeningIndoors,2022-11-08,25
GardeningIndoors,2022-11-09,14
GardeningIndoors,2022-11-10,16
GardeningIndoors,2022-11-11,16
GardeningIndoors,2022-11-13,17
GardeningIndoors,2022-11-14,59
GardeningIndoors,2022-11-15,28
GardeningIndoors,2022-11-16,14
GardeningIndoors,2022-11-17,16
GardeningIndoors,2022-11-18,10
GardeningIndoors,2022-11-19,5
GardeningIndoors,2022-11-20,5
GardeningIndoors,2022-11-21,1
GardeningIndoors,2022-11-22,4
GardeningIndoors,2022-11-23,11
GardeningIndoors,2022-11-24,21
GardeningIndoors,2022-11-25,11
GardeningIndoors,2022-11-26,24
GardeningIndoors,2022-11-27,4
GardeningIndoors,2022-11-28,9
GardeningIndoors,2022-11-29,19
GardeningIndoors,2022-11-30,7
GardeningIndoors,2022-12-01,6
GardeningIndoors,2022-12-02,7
GardeningIndoors,2022-12-03,10
GardeningIndoors,2022-12-04,18
GardeningIndoors,2022-12-05,13
GardeningIndoors,2022-12-06,31
GardeningIndoors,2022-12-07,1
GardeningIndoors,2022-12-08,17
GardeningIndoors,2022-12-09,6
GardeningIndoors,2022-12-10,13
GardeningIndoors,2022-12-11,10
GardeningIndoors,2022-12-12,4
GradSchool,2022-11-01,170
GradSchool,2022-11-02,235
GradSchool,2022-11-03,180
GradSchool,2022-11-04,140
GradSchool,2022-11-05,186
GradSchool,2022-11-06,116
GradSchool,2022-11-07,99
GradSchool,2022-11-08,210
GradSchool,2022-11-09,172
GradSchool,2022-11-10,228
GradSchool,2022-11-11,229
GradSchool,2022-11-12,122
GradSchool,2022-11-13,68
GradSchool,2022-11-14,156
GradSchool,2022-11-15,191
GradSchool,2022-11-16,138
GradSchool,2022-11-17,125
GradSchool,2022-11-18,157
GradSchool,2022-11-19,202
GradSchool,2022-11-20,162
GradSchool,2022-11-21,191
GradSchool,2022-11-22,165
GradSchool,2022-11-23,343
GradSchool,2022-11-24,113
GradSchool,2022-11-25,208
GradSchool,2022-11-26,136
GradSchool,2022-11-27,156
GradSchool,2022-11-28,157
GradSchool,2022-11-29,173
GradSchool,2022-11-30,199
GradSchool,2022-12-01,313
GradSchool,2022-12-02,126
GradSchool,2022-12-03,129
GradSchool,2022-12-04,252
GradSchool,2022-12-05,230
GradSchool,2022-12-06,182
GradSchool,2022-12-07,128
GradSchool,2022-12-08,285
GradSchool,2022-12-09,171
GradSchool,2022-12-10,146
GradSchool,2022-12-11,141
GradSchool,2022-12-12,219
GradSchool,2022-12-13,311
GradSchool,2022-12-14,112
GradSchool,2023-01-01,3
GradSchool,2023-02-01,2
GradSchool,2023-04-01,2
HENRYfinance,2022-11-01,34
HENRYfinance,2022-11-02,10
HENRYfinance,2022-11-03,2
HENRYfinance,2022-11-04,4
HENRYfinance,2022-11-05,1
HENRYfinance,2022-11-06,2
HENRYfinance,2022-11-07,2
HENRYfinance,2022-11-08,47
HENRYfinance,2022-11-09,9
HENRYfinance,2022-11-10,38
HENRYfinance,2022-11-11,63
HENRYfinance,2022-11-12,9
HENRYfinance,2022-11-13,2
HENRYfinance,2022-11-14,2
HENRYfinance,2022-11-16,2
HENRYfinance,2022-11-18,177
HENRYfinance,2022-11-19,118
HENRYfinance,2022-11-20,11
HENRYfinance,2022-11-21,6
HENRYfinance,2022-11-22,13
HENRYfinance,2022-11-23,11
HENRYfinance,2022-11-24,3
HENRYfinance,2022-11-25,2
HENRYfinance,2022-11-26,17
HENRYfinance,2022-11-27,95
HENRYfinance,2022-11-28,25
HENRYfinance,2022-11-29,47
HENRYfinance,2022-11-30,20
HENRYfinance,2022-12-01,65
HENRYfinance,2022-12-02,48
HENRYfinance,2022-12-03,3
HENRYfinance,2022-12-04,1
HENRYfinance,2022-12-05,30
HENRYfinance,2022-12-06,70
HENRYfinance,2022-12-07,57
HENRYfinance,2022-12-08,62
HENRYfinance,2022-12-09,6
HENRYfinance,2022-12-10,6
HENRYfinance,2022-12-11,1
HENRYfinance,2022-12-12,12
HENRYfinance,2022-12-13,3
HENRYfinance,2022-12-14,8
HENRYfinance,2023-04-01,1
Horses,2022-11-01,369
Horses,2022-11-02,272
Horses,2022-11-03,306
Horses,2022-11-04,370
Horses,2022-11-05,231
Horses,2022-11-06,318
Horses,2022-11-07,276
Horses,2022-11-08,332
Horses,2022-11-09,318
Horses,2022-11-10,423
Horses,2022-11-11,343
Horses,2022-11-12,230
Horses,2022-11-13,337
Horses,2022-11-14,362
Horses,2022-11-15,274
Horses,2022-11-16,450
Horses,2022-11-17,354
Horses,2022-11-18,247
Horses,2022-11-19,241
Horses,2022-11-20,362
Horses,2022-11-21,351
Horses,2022-11-22,237
Horses,2022-11-23,281
Horses,2022-11-24,396
Horses,2022-11-25,250
Horses,2022-11-26,296
Horses,2022-11-27,395
Horses,2022-11-28,384
Horses,2022-11-29,413
Horses,2022-11-30,421
Horses,2022-12-01,279
Horses,2022-12-02,304
Horses,2022-12-03,193
Horses,2022-12-04,335
Horses,2022-12-05,298
Horses,2022-12-06,430
Horses,2022-12-07,305
Horses,2022-12-08,495
Horses,2022-12-09,280
Horses,2022-12-10,264
Horses,2022-12-11,422
Horses,2022-12-12,386
Horses,2022-12-13,340
Horses,2022-12-14,262
Horses,2023-01-01,6
Horses,2023-02-01,3
Horses,2023-03-01,1
Horses,2023-04-01,2
ITCareerQuestions,2022-11-01,886
ITCareerQuestions,2022-11-02,964
ITCareerQuestions,2022-11-03,758
ITCareerQuestions,2022-11-04,995
ITCareerQuestions,2022-11-05,608
ITCareerQuestions,2022-11-06,712
ITCareerQuestions,2022-11-07,551
ITCareerQuestions,2022-11-08,504
ITCareerQuestions,2022-11-09,657
ITCareerQuestions,2022-11-10,655
ITCareerQuestions,2022-11-11,749
ITCareerQuestions,2022-11-12,533
ITCareerQuestions,2022-11-13,562
ITCareerQuestions,2022-11-14,657
ITCareerQuestions,2022-11-15,710
ITCareerQuestions,2022-11-16,736
ITCareerQuestions,2022-11-17,770
ITCareerQuestions,2022-11-18,631
ITCareerQuestions,2022-11-19,708
ITCareerQuestions,2022-11-20,650
ITCareerQuestions,2022-11-21,618
ITCareerQuestions,2022-11-22,804
ITCareerQuestions,2022-11-23,687
ITCareerQuestions,2022-11-24,775
ITCareerQuestions,2022-11-25,587
ITCareerQuestions,2022-11-26,444
ITCareerQuestions,2022-11-27,515
ITCareerQuestions,2022-11-28,623
ITCareerQuestions,2022-11-29,661
ITCareerQuestions,2022-11-30,778
ITCareerQuestions,2022-12-01,528
ITCareerQuestions,2022-12-02,470
ITCareerQuestions,2022-12-03,411
ITCareerQuestions,2022-12-04,457
ITCareerQuestions,2022-12-05,859
ITCareerQuestions,2022-12-06,840
ITCareerQuestions,2022-12-07,680
ITCareerQuestions,2022-12-08,858
ITCareerQuestions,2022-12-09,857
ITCareerQuestions,2022-12-10,576
ITCareerQuestions,2022-12-11,384
ITCareerQuestions,2022-12-12,595
ITCareerQuestions,2022-12-13,776
ITCareerQuestions,2022-12-14,251
ITCareerQuestions,2023-01-01,12
ITCareerQuestions,2023-02-01,7
ITCareerQuestions,2023-03-01,1
ITCareerQuestions,2023-04-01,4
IndieGaming,2022-11-01,201
IndieGaming,2022-11-02,185
IndieGaming,2022-11-03,199
IndieGaming,2022-11-04,234
IndieGaming,2022-11-05,217
IndieGaming,2022-11-06,211
IndieGaming,2022-11-07,207
IndieGaming,2022-11-08,268
IndieGaming,2022-11-09,237
IndieGaming,2022-11-10,287
IndieGaming,2022-11-11,219
IndieGaming,2022-11-12,238
IndieGaming,2022-11-13,182
IndieGaming,2022-11-14,251
IndieGaming,2022-11-15,220
IndieGaming,2022-11-16,251
IndieGaming,2022-11-17,262
IndieGaming,2022-11-18,241
IndieGaming,2022-11-19,224
IndieGaming,2022-11-20,212
IndieGaming,2022-11-21,199
IndieGaming,2022-11-22,250
IndieGaming,2022-11-23,239
IndieGaming,2022-11-24,236
IndieGaming,2022-11-25,226
IndieGaming,2022-11-26,263
IndieGaming,2022-11-27,257
IndieGaming,2022-11-28,166
IndieGaming,2022-11-29,171
IndieGaming,2022-11-30,176
IndieGaming,2022-12-01,294
IndieGaming,2022-12-02,317
IndieGaming,2022-12-03,210
IndieGaming,2022-12-04,187
IndieGaming,2022-12-05,168
IndieGaming,2022-12-06,259
IndieGaming,2022-12-07,202
IndieGaming,2022-12-08,253
IndieGaming,2022-12-09,253
IndieGaming,2022-12-10,230
IndieGaming,2022-12-11,260
IndieGaming,2022-12-12,291
IndieGaming,2022-12-13,198
IndieGaming,2022-12-14,84
IndieGaming,2023-01-01,1
IndieGaming,2023-02-01,3
IndoorGarden,2022-11-01,253
IndoorGarden,2022-11-02,324
IndoorGarden,2022-11-03,200
IndoorGarden,2022-11-04,333
IndoorGarden,2022-11-05,283
IndoorGarden,2022-11-06,380
IndoorGarden,2022-11-07,332
IndoorGarden,2022-11-08,427
IndoorGarden,2022-11-09,640
IndoorGarden,2022-11-10,720
IndoorGarden,2022-11-11,321
IndoorGarden,2022-11-12,293
IndoorGarden,2022-11-13,389
IndoorGarden,2022-11-14,252
IndoorGarden,2022-11-15,259
IndoorGarden,2022-11-16,238
IndoorGarden,2022-11-17,240
IndoorGarden,2022-11-18,264
IndoorGarden,2022-11-19,226
IndoorGarden,2022-11-20,236
IndoorGarden,2022-11-21,289
IndoorGarden,2022-11-22,248
IndoorGarden,2022-11-23,343
IndoorGarden,2022-11-24,199
IndoorGarden,2022-11-25,191
IndoorGarden,2022-11-26,248
IndoorGarden,2022-11-27,192
IndoorGarden,2022-11-28,234
IndoorGarden,2022-11-29,187
IndoorGarden,2022-11-30,213
IndoorGarden,2022-12-01,333
IndoorGarden,2022-12-02,259
IndoorGarden,2022-12-03,377
IndoorGarden,2022-12-04,379
IndoorGarden,2022-12-05,209
IndoorGarden,2022-12-06,268
IndoorGarden,2022-12-07,426
IndoorGarden,2022-12-08,346
IndoorGarden,2022-12-09,280
IndoorGarden,2022-12-10,257
IndoorGarden,2022-12-11,253
IndoorGarden,2022-12-12,213
IndoorGarden,2022-12-13,227
IndoorGarden,2022-12-14,89
IndoorGarden,2023-01-01,1
IndoorGarden,2023-02-01,14
IndoorGarden,2023-03-01,1
IndoorGarden,2023-04-01,1
LocalLLaMA,2023-04-01,2
NeutralPolitics,2022-11-01,2
NeutralPolitics,2022-11-02,283
NeutralPolitics,2022-11-03,20
NeutralPolitics,2022-11-04,15
NeutralPolitics,2022-11-05,6
NeutralPolitics,2022-11-06,93
NeutralPolitics,2022-11-07,8
NeutralPolitics,2022-11-08,9
NeutralPolitics,2022-11-09,20
NeutralPolitics,2022-11-10,46
NeutralPolitics,2022-11-11,32
NeutralPolitics,2022-11-12,6
NeutralPolitics,2022-11-13,8
NeutralPolitics,2022-11-14,6
NeutralPolitics,2022-11-15,15
NeutralPolitics,2022-11-16,35
NeutralPolitics,2022-11-17,21
NeutralPolitics,2022-11-19,4
NeutralPolitics,2022-11-20,1
NeutralPolitics,2022-11-21,6
NeutralPolitics,2022-11-22,1
NeutralPolitics,2022-11-23,2
NeutralPolitics,2022-11-25,2
NeutralPolitics,2022-11-26,2
NeutralPolitics,2022-11-27,6
NeutralPolitics,2022-11-29,115
NeutralPolitics,2022-11-30,21
NeutralPolitics,2022-12-01,4
NeutralPolitics,2022-12-02,31
NeutralPolitics,2022-12-03,13
NeutralPolitics,2022-12-04,2
NeutralPolitics,2022-12-05,2
NeutralPolitics,2022-12-06,3
NeutralPolitics,2022-12-07,2
NeutralPolitics,2022-12-08,37
NeutralPolitics,2022-12-09,20
NeutralPolitics,2022-12-10,5
NeutralPolitics,2022-12-11,21
NeutralPolitics,2022-12-12,16
NeutralPolitics,2022-12-13,5
NewTubers,2022-11-01,725
NewTubers,2022-11-02,944
NewTubers,2022-11-03,585
NewTubers,2022-11-04,1306
NewTubers,2022-11-05,729
NewTubers,2022-11-06,988
NewTubers,2022-11-07,812
NewTubers,2022-11-08,909
NewTubers,2022-11-09,777
NewTubers,2022-11-10,1053
NewTubers,2022-11-11,885
NewTubers,2022-11-12,769
NewTubers,2022-11-13,890
NewTubers,2022-11-14,752
NewTubers,2022-11-15,515
NewTubers,2022-11-16,704
NewTubers,2022-11-17,893
NewTubers,2022-11-18,709
NewTubers,2022-11-19,604
NewTubers,2022-11-20,602
NewTubers,2022-11-21,907
NewTubers,2022-11-22,965
NewTubers,2022-11-23,668
NewTubers,2022-11-24,662
NewTubers,2022-11-25,618
NewTubers,2022-11-26,794
NewTubers,2022-11-27,768
NewTubers,2022-11-28,674
NewTubers,2022-11-29,819
NewTubers,2022-11-30,732
NewTubers,2022-12-01,686
NewTubers,2022-12-02,1190
NewTubers,2022-12-03,729
NewTubers,2022-12-04,707
NewTubers,2022-12-05,547
NewTubers,2022-12-06,572
NewTubers,2022-12-07,615
NewTubers,2022-12-08,670
NewTubers,2022-12-09,738
NewTubers,2022-12-10,628
NewTubers,2022-12-11,681
NewTubers,2022-12-12,632
NewTubers,2022-12-13,927
NewTubers,2022-12-14,278
NewTubers,2023-01-01,15
NewTubers,2023-02-01,7
NewTubers,2023-03-01,1
NewTubers,2023-04-01,5
OutOfTheLoop,2022-11-01,797
OutOfTheLoop,2022-11-02,1093
OutOfTheLoop,2022-11-03,667
OutOfTheLoop,2022-11-04,845
OutOfTheLoop,2022-11-05,1348
OutOfTheLoop,2022-11-06,1297
OutOfTheLoop,2022-11-07,1136
OutOfTheLoop,2022-11-08,2334
OutOfTheLoop,2022-11-09,999
OutOfTheLoop,2022-11-10,1301
OutOfTheLoop,2022-11-11,695
OutOfTheLoop,2022-11-12,1109
OutOfTheLoop,2022-11-13,1351
OutOfTheLoop,2022-11-14,1109
OutOfTheLoop,2022-11-15,832
OutOfTheLoop,2022-11-16,1455
OutOfTheLoop,2022-11-17,1558
OutOfTheLoop,2022-11-18,964
OutOfTheLoop,2022-11-19,750
OutOfTheLoop,2022-11-20,921
OutOfTheLoop,2022-11-21,1176
OutOfTheLoop,2022-11-22,1169
OutOfTheLoop,2022-11-23,910
OutOfTheLoop,2022-11-24,596
OutOfTheLoop,2022-11-25,454
OutOfTheLoop,2022-11-26,687
OutOfTheLoop,2022-11-27,492
OutOfTheLoop,2022-11-28,1134
OutOfTheLoop,2022-11-29,827
OutOfTheLoop,2022-11-30,1369
OutOfTheLoop,2022-12-01,1306
OutOfTheLoop,2022-12-02,1103
OutOfTheLoop,2022-12-03,1294
OutOfTheLoop,2022-12-04,973
OutOfTheLoop,2022-12-05,1522
OutOfTheLoop,2022-12-06,732
OutOfTheLoop,2022-12-07,1004
OutOfTheLoop,2022-12-08,1090
OutOfTheLoop,2022-12-09,1517
OutOfTheLoop,2022-12-10,933
OutOfTheLoop,2022-12-11,1062
OutOfTheLoop,2022-12-12,1719
OutOfTheLoop,2022-12-13,801
OutOfTheLoop,2022-12-14,605
OutOfTheLoop,2023-01-01,142
OutOfTheLoop,2023-02-01,30
OutOfTheLoop,2023-03-01,9
OutOfTheLoop,2023-04-01,7
PartneredYoutube,2022-11-01,124
PartneredYoutube,2022-11-02,116
PartneredYoutube,2022-11-03,57
PartneredYoutube,2022-11-04,57
PartneredYoutube,2022-11-05,52
PartneredYoutube,2022-11-06,32
PartneredYoutube,2022-11-07,50
PartneredYoutube,2022-11-08,88
PartneredYoutube,2022-11-09,81
PartneredYoutube,2022-11-10,65
PartneredYoutube,2022-11-11,93
PartneredYoutube,2022-11-12,88
PartneredYoutube,2022-11-13,88
PartneredYoutube,2022-11-14,42
PartneredYoutube,2022-11-15,80
PartneredYoutube,2022-11-16,75
PartneredYoutube,2022-11-17,77
PartneredYoutube,2022-11-18,183
PartneredYoutube,2022-11-19,146
PartneredYoutube,2022-11-20,107
PartneredYoutube,2022-11-21,85
PartneredYoutube,2022-11-22,115
PartneredYoutube,2022-11-23,113
PartneredYoutube,2022-11-24,77
PartneredYoutube,2022-11-25,95
PartneredYoutube,2022-11-26,62
PartneredYoutube,2022-11-27,39
PartneredYoutube,2022-11-28,72
PartneredYoutube,2022-11-29,128
PartneredYoutube,2022-11-30,72
PartneredYoutube,2022-12-01,193
PartneredYoutube,2022-12-02,94
PartneredYoutube,2022-12-03,76
PartneredYoutube,2022-12-04,94
PartneredYoutube,2022-12-05,64
PartneredYoutube,2022-12-06,119
PartneredYoutube,2022-12-07,110
PartneredYoutube,2022-12-08,136
PartneredYoutube,2022-12-09,87
PartneredYoutube,2022-12-10,110
PartneredYoutube,2022-12-11,115
PartneredYoutube,2022-12-12,200
PartneredYoutube,2022-12-13,187
PartneredYoutube,2022-12-14,146
PartneredYoutube,2023-01-01,11
Pets,2022-11-01,139
Pets,2022-11-02,117
Pets,2022-11-03,110
Pets,2022-11-04,130
Pets,2022-11-05,211
Pets,2022-11-06,134
Pets,2022-11-07,93
Pets,2022-11-08,130
Pets,2022-11-09,182
Pets,2022-11-10,161
Pets,2022-11-11,161
Pets,2022-11-12,173
Pets,2022-11-13,339
Pets,2022-11-14,226
Pets,2022-11-15,185
Pets,2022-11-16,224
Pets,2022-11-17,195
Pets,2022-11-18,111
Pets,2022-11-19,101
Pets,2022-11-20,141
Pets,2022-11-21,127
Pets,2022-11-22,231
Pets,2022-11-23,92
Pets,2022-11-24,138
Pets,2022-11-25,120
Pets,2022-11-26,177
Pets,2022-11-27,226
Pets,2022-11-28,181
Pets,2022-11-29,204
Pets,2022-11-30,328
Pets,2022-12-01,154
Pets,2022-12-02,146
Pets,2022-12-03,120
Pets,2022-12-04,158
Pets,2022-12-05,153
Pets,2022-12-06,125
Pets,2022-12-07,175
Pets,2022-12-08,199
Pets,2022-12-09,151
Pets,2022-12-10,169
Pets,2022-12-11,204
Pets,2022-12-12,205
Pets,2022-12-13,247
Pets,2022-12-14,128
Pets,2023-01-01,9
Pets,2023-02-01,4
Pets,2023-03-01,3
Pets,2023-04-01,1
PoliticalDiscussion,2022-11-01,1877
PoliticalDiscussion,2022-11-02,2039
PoliticalDiscussion,2022-11-03,825
PoliticalDiscussion,2022-11-04,1163
PoliticalDiscussion,2022-11-05,1699
PoliticalDiscussion,2022-11-06,1093
PoliticalDiscussion,2022-11-07,2328
PoliticalDiscussion,2022-11-08,2920
PoliticalDiscussion,2022-11-09,4039
PoliticalDiscussion,2022-11-10,1812
PoliticalDiscussion,2022-11-11,3087
PoliticalDiscussion,2022-11-12,1904
PoliticalDiscussion,2022-11-13,2167
PoliticalDiscussion,2022-11-14,1764
PoliticalDiscussion,2022-11-15,1125
PoliticalDiscussion,2022-11-16,1829
PoliticalDiscussion,2022-11-17,2714
PoliticalDiscussion,2022-11-18,1392
PoliticalDiscussion,2022-11-19,869
PoliticalDiscussion,2022-11-20,1025
PoliticalDiscussion,2022-11-21,648
PoliticalDiscussion,2022-11-22,1143
PoliticalDiscussion,2022-11-23,848
PoliticalDiscussion,2022-11-24,623
PoliticalDiscussion,2022-11-25,377
PoliticalDiscussion,2022-11-26,349
PoliticalDiscussion,2022-11-27,444
PoliticalDiscussion,2022-11-28,541
PoliticalDiscussion,2022-11-29,1291
PoliticalDiscussion,2022-11-30,1421
PoliticalDiscussion,2022-12-01,1101
PoliticalDiscussion,2022-12-02,1190
PoliticalDiscussion,2022-12-03,780
PoliticalDiscussion,2022-12-04,615
PoliticalDiscussion,2022-12-05,603
PoliticalDiscussion,2022-12-06,651
PoliticalDiscussion,2022-12-07,961
PoliticalDiscussion,2022-12-08,1170
PoliticalDiscussion,2022-12-09,979
PoliticalDiscussion,2022-12-10,556
PoliticalDiscussion,2022-12-11,395
PoliticalDiscussion,2022-12-12,750
PoliticalDiscussion,2022-12-13,520
PoliticalDiscussion,2022-12-14,193
PoliticalDiscussion,2023-01-01,31
PoliticalDiscussion,2023-02-01,2
PoliticalDiscussion,2023-03-01,5
PoliticalDiscussion,2023-04-01,6
Students,2022-11-01,2
Students,2022-11-06,1
Students,2022-11-07,1
Students,2022-11-09,1
Students,2022-11-11,1
Students,2022-11-15,2
Students,2022-11-16,1
Students,2022-11-25,1
Students,2022-11-30,1
Students,2022-12-05,1
Students,2022-12-06,1
Students,2022-12-09,2
Students,2022-12-10,1
TooAfraidToAsk,2022-11-01,5436
TooAfraidToAsk,2022-11-02,4681
TooAfraidToAsk,2022-11-03,3934
TooAfraidToAsk,2022-11-04,3356
TooAfraidToAsk,2022-11-05,1990
TooAfraidToAsk,2022-11-06,2632
TooAfraidToAsk,2022-11-07,3523
TooAfraidToAsk,2022-11-08,4678
TooAfraidToAsk,2022-11-09,4313
TooAfraidToAsk,2022-11-10,3712
TooAfraidToAsk,2022-11-11,5335
TooAfraidToAsk,2022-11-12,4453
TooAfraidToAsk,2022-11-13,5507
TooAfraidToAsk,2022-11-14,3848
TooAfraidToAsk,2022-11-15,4531
TooAfraidToAsk,2022-11-16,3436
TooAfraidToAsk,2022-11-17,5139
TooAfraidToAsk,2022-11-18,4036
TooAfraidToAsk,2022-11-19,3521
TooAfraidToAsk,2022-11-20,4326
TooAfraidToAsk,2022-11-21,2750
TooAfraidToAsk,2022-11-22,3123
TooAfraidToAsk,2022-11-23,4894
TooAfraidToAsk,2022-11-24,4373
TooAfraidToAsk,2022-11-25,4568
TooAfraidToAsk,2022-11-26,2768
TooAfraidToAsk,2022-11-27,3641
TooAfraidToAsk,2022-11-28,3361
TooAfraidToAsk,2022-11-29,4355
TooAfraidToAsk,2022-11-30,3974
TooAfraidToAsk,2022-12-01,5446
TooAfraidToAsk,2022-12-02,3735
TooAfraidToAsk,2022-12-03,3498
TooAfraidToAsk,2022-12-04,4132
TooAfraidToAsk,2022-12-05,4701
TooAfraidToAsk,2022-12-06,4860
TooAfraidToAsk,2022-12-07,4152
TooAfraidToAsk,2022-12-08,6212
TooAfraidToAsk,2022-12-09,5990
TooAfraidToAsk,2022-12-10,4642
TooAfraidToAsk,2022-12-11,4597
TooAfraidToAsk,2022-12-12,6032
TooAfraidToAsk,2022-12-13,5017
TooAfraidToAsk,2022-12-14,2554
TooAfraidToAsk,2023-01-01,138
TooAfraidToAsk,2023-02-01,81
TooAfraidToAsk,2023-03-01,21
TooAfraidToAsk,2023-04-01,34
TrueReddit,2022-11-01,276
TrueReddit,2022-11-02,324
TrueReddit,2022-11-03,205
TrueReddit,2022-11-04,200
TrueReddit,2022-11-05,115
TrueReddit,2022-11-06,94
TrueReddit,2022-11-07,158
TrueReddit,2022-11-08,98
TrueReddit,2022-11-09,83
TrueReddit,2022-11-10,133
TrueReddit,2022-11-11,272
TrueReddit,2022-11-12,201
TrueReddit,2022-11-13,77
TrueReddit,2022-11-14,257
TrueReddit,2022-11-15,254
TrueReddit,2022-11-16,114
TrueReddit,2022-11-17,177
TrueReddit,2022-11-18,353
TrueReddit,2022-11-19,497
TrueReddit,2022-11-20,234
TrueReddit,2022-11-21,318
TrueReddit,2022-11-22,305
TrueReddit,2022-11-23,108
TrueReddit,2022-11-24,131
TrueReddit,2022-11-25,88
TrueReddit,2022-11-26,124
TrueReddit,2022-11-27,253
TrueReddit,2022-11-28,256
TrueReddit,2022-11-29,238
TrueReddit,2022-11-30,79
TrueReddit,2022-12-01,201
TrueReddit,2022-12-02,139
TrueReddit,2022-12-03,96
TrueReddit,2022-12-04,181
TrueReddit,2022-12-05,52
TrueReddit,2022-12-06,124
TrueReddit,2022-12-07,274
TrueReddit,2022-12-08,181
TrueReddit,2022-12-09,129
TrueReddit,2022-12-10,242
TrueReddit,2022-12-11,292
TrueReddit,2022-12-12,185
TrueReddit,2022-12-13,119
TrueReddit,2022-12-14,73
TrueReddit,2023-01-01,2
TrueReddit,2023-02-01,2
TrueReddit,2023-03-01,4
TrueReddit,2023-04-01,2
WritingHub,2022-11-01,3
WritingHub,2022-11-02,2
WritingHub,2022-11-03,12
WritingHub,2022-11-04,16
WritingHub,2022-11-05,11
WritingHub,2022-11-06,17
WritingHub,2022-11-07,17
WritingHub,2022-11-08,4
WritingHub,2022-11-09,3
WritingHub,2022-11-10,3
WritingHub,2022-11-11,9
WritingHub,2022-11-12,27
WritingHub,2022-11-13,28
WritingHub,2022-11-14,22
WritingHub,2022-11-15,29
WritingHub,2022-11-16,16
WritingHub,2022-11-17,26
WritingHub,2022-11-18,13
WritingHub,2022-11-19,53
WritingHub,2022-11-20,20
WritingHub,2022-11-21,22
WritingHub,2022-11-22,25
WritingHub,2022-11-23,43
WritingHub,2022-11-24,39
WritingHub,2022-11-25,17
WritingHub,2022-11-26,24
WritingHub,2022-11-27,35
WritingHub,2022-11-28,19
WritingHub,2022-11-29,55
WritingHub,2022-11-30,14
WritingHub,2022-12-01,34
WritingHub,2022-12-02,12
WritingHub,2022-12-03,8
WritingHub,2022-12-04,9
WritingHub,2022-12-05,8
WritingHub,2022-12-06,6
WritingHub,2022-12-07,21
WritingHub,2022-12-08,3
WritingHub,2022-12-09,19
WritingHub,2022-12-10,19
WritingHub,2022-12-11,27
WritingHub,2022-12-12,26
WritingHub,2022-12-13,43
WritingHub,2022-12-14,15
WritingHub,2023-01-01,1
advertising,2022-11-01,87
advertising,2022-11-02,166
advertising,2022-11-03,97
advertising,2022-11-04,84
advertising,2022-11-05,97
advertising,2022-11-06,58
advertising,2022-11-07,77
advertising,2022-11-08,99
advertising,2022-11-09,53
advertising,2022-11-10,76
advertising,2022-11-11,77
advertising,2022-11-12,99
advertising,2022-11-13,45
advertising,2022-11-14,67
advertising,2022-11-15,117
advertising,2022-11-16,85
advertising,2022-11-17,89
advertising,2022-11-18,96
advertising,2022-11-19,88
advertising,2022-11-20,42
advertising,2022-11-21,55
advertising,2022-11-22,68
advertising,2022-11-23,78
advertising,2022-11-24,63
advertising,2022-11-25,61
advertising,2022-11-26,78
advertising,2022-11-27,96
advertising,2022-11-28,61
advertising,2022-11-29,144
advertising,2022-11-30,99
advertising,2022-12-01,110
advertising,2022-12-02,76
advertising,2022-12-03,82
advertising,2022-12-04,92
advertising,2022-12-05,70
advertising,2022-12-06,74
advertising,2022-12-07,123
advertising,2022-12-08,127
advertising,2022-12-09,96
advertising,2022-12-10,46
advertising,2022-12-11,25
advertising,2022-12-12,63
advertising,2022-12-13,71
advertising,2022-12-14,27
advertising,2023-01-01,1
advertising,2023-02-01,3
algotrading,2022-11-01,169
algotrading,2022-11-02,739
algotrading,2022-11-03,213
algotrading,2022-11-04,164
algotrading,2022-11-05,491
algotrading,2022-11-06,142
algotrading,2022-11-07,126
algotrading,2022-11-08,114
algotrading,2022-11-09,937
algotrading,2022-11-10,133
algotrading,2022-11-11,172
algotrading,2022-11-12,149
algotrading,2022-11-13,182
algotrading,2022-11-14,158
algotrading,2022-11-15,157
algotrading,2022-11-16,125
algotrading,2022-11-17,183
algotrading,2022-11-18,91
algotrading,2022-11-19,110
algotrading,2022-11-20,158
algotrading,2022-11-21,147
algotrading,2022-11-22,242
algotrading,2022-11-23,152
algotrading,2022-11-24,186
algotrading,2022-11-25,202
algotrading,2022-11-26,219
algotrading,2022-11-27,191
algotrading,2022-11-28,272
algotrading,2022-11-29,284
algotrading,2022-11-30,248
algotrading,2022-12-01,185
algotrading,2022-12-02,248
algotrading,2022-12-03,272
algotrading,2022-12-04,190
algotrading,2022-12-05,163
algotrading,2022-12-06,212
algotrading,2022-12-07,232
algotrading,2022-12-08,178
algotrading,2022-12-09,83
algotrading,2022-12-10,125
algotrading,2022-12-11,140
algotrading,2022-12-12,203
algotrading,2022-12-13,207
algotrading,2022-12-14,84
algotrading,2023-01-01,2
algotrading,2023-02-01,2
answers,2022-11-01,551
answers,2022-11-02,462
answers,2022-11-03,209
answers,2022-11-04,257
answers,2022-11-05,387
answers,2022-11-06,251
answers,2022-11-07,504
answers,2022-11-08,439
answers,2022-11-09,549
answers,2022-11-10,709
answers,2022-11-11,548
answers,2022-11-12,266
answers,2022-11-13,741
answers,2022-11-14,762
answers,2022-11-15,529
answers,2022-11-16,431
answers,2022-11-17,275
answers,2022-11-18,486
answers,2022-11-19,269
answers,2022-11-20,366
answers,2022-11-21,550
answers,2022-11-22,370
answers,2022-11-23,410
answers,2022-11-24,489
answers,2022-11-25,407
answers,2022-11-26,441
answers,2022-11-27,408
answers,2022-11-28,343
answers,2022-11-29,321
answers,2022-11-30,396
answers,2022-12-01,429
answers,2022-12-02,469
answers,2022-12-03,568
answers,2022-12-04,697
answers,2022-12-05,767
answers,2022-12-06,668
answers,2022-12-07,382
answers,2022-12-08,368
answers,2022-12-09,291
answers,2022-12-10,462
answers,2022-12-11,339
answers,2022-12-12,449
answers,2022-12-13,463
answers,2022-12-14,96
answers,2023-01-01,8
answers,2023-02-01,11
answers,2023-03-01,1
answers,2023-04-01,3
artificial,2022-11-01,28
artificial,2022-11-02,45
artificial,2022-11-03,60
artificial,2022-11-04,42
artificial,2022-11-05,55
artificial,2022-11-06,85
artificial,2022-11-07,60
artificial,2022-11-08,49
artificial,2022-11-09,28
artificial,2022-11-10,37
artificial,2022-11-11,37
artificial,2022-11-12,19
artificial,2022-11-13,36
artificial,2022-11-14,49
artificial,2022-11-15,24
artificial,2022-11-16,50
artificial,2022-11-17,73
artificial,2022-11-18,36
artificial,2022-11-19,27
artificial,2022-11-20,48
artificial,2022-11-21,31
artificial,2022-11-22,46
artificial,2022-11-23,32
artificial,2022-11-24,64
artificial,2022-11-25,57
artificial,2022-11-26,29
artificial,2022-11-27,24
artificial,2022-11-28,50
artificial,2022-11-29,38
artificial,2022-11-30,69
artificial,2022-12-01,42
artificial,2022-12-02,37
artificial,2022-12-03,45
artificial,2022-12-04,44
artificial,2022-12-05,60
artificial,2022-12-06,85
artificial,2022-12-07,58
artificial,2022-12-08,91
artificial,2022-12-09,97
artificial,2022-12-10,99
artificial,2022-12-11,71
artificial,2022-12-12,163
artificial,2022-12-13,69
artificial,2022-12-14,29
artificial,2023-01-01,2
artificial,2023-02-01,3
biology,2022-11-01,422
biology,2022-11-02,602
biology,2022-11-03,635
biology,2022-11-04,605
biology,2022-11-05,679
biology,2022-11-06,506
biology,2022-11-07,344
biology,2022-11-08,622
biology,2022-11-09,461
biology,2022-11-10,385
biology,2022-11-11,553
biology,2022-11-12,475
biology,2022-11-13,479
biology,2022-11-14,447
biology,2022-11-15,318
biology,2022-11-16,555
biology,2022-11-17,474
biology,2022-11-18,329
biology,2022-11-19,450
biology,2022-11-20,358
biology,2022-11-21,426
biology,2022-11-22,355
biology,2022-11-23,394
biology,2022-11-24,325
biology,2022-11-25,515
biology,2022-11-26,381
biology,2022-11-27,370
biology,2022-11-28,437
biology,2022-11-29,246
biology,2022-11-30,484
biology,2022-12-01,502
biology,2022-12-02,293
biology,2022-12-03,270
biology,2022-12-04,317
biology,2022-12-05,344
biology,2022-12-06,240
biology,2022-12-07,601
biology,2022-12-08,298
biology,2022-12-09,374
biology,2022-12-10,581
biology,2022-12-11,545
biology,2022-12-12,411
biology,2022-12-13,511
biology,2022-12-14,302
biology,2023-01-01,5
biology,2023-02-01,5
biology,2023-03-01,4
biology,2023-04-01,5
budgetcooking,2022-11-01,6
budgetcooking,2022-11-02,2
budgetcooking,2022-11-03,5
budgetcooking,2022-11-04,12
budgetcooking,2022-11-05,6
budgetcooking,2022-11-06,10
budgetcooking,2022-11-07,7
budgetcooking,2022-11-08,26
budgetcooking,2022-11-09,12
budgetcooking,2022-11-10,3
budgetcooking,2022-11-11,9
budgetcooking,2022-11-12,3
budgetcooking,2022-11-13,11
budgetcooking,2022-11-14,12
budgetcooking,2022-11-15,18
budgetcooking,2022-11-16,7
budgetcooking,2022-11-17,25
budgetcooking,2022-11-18,16
budgetcooking,2022-11-19,5
budgetcooking,2022-11-21,16
budgetcooking,2022-11-22,15
budgetcooking,2022-11-23,16
budgetcooking,2022-11-24,12
budgetcooking,2022-11-25,13
budgetcooking,2022-11-26,14
budgetcooking,2022-11-27,16
budgetcooking,2022-11-28,5
budgetcooking,2022-11-29,11
budgetcooking,2022-11-30,3
budgetcooking,2022-12-01,9
budgetcooking,2022-12-02,9
budgetcooking,2022-12-03,11
budgetcooking,2022-12-04,2
budgetcooking,2022-12-05,13
budgetcooking,2022-12-06,3
budgetcooking,2022-12-07,4
budgetcooking,2022-12-08,10
budgetcooking,2022-12-09,5
budgetcooking,2022-12-10,9
budgetcooking,2022-12-11,18
budgetcooking,2022-12-12,9
budgetcooking,2022-12-13,5
budgetcooking,2022-12-14,9
content_marketing,2022-11-01,4
content_marketing,2022-11-02,5
content_marketing,2022-11-03,32
content_marketing,2022-11-04,20
content_marketing,2022-11-05,19
content_marketing,2022-11-06,10
content_marketing,2022-11-07,9
content_marketing,2022-11-08,10
content_marketing,2022-11-09,11
content_marketing,2022-11-10,28
content_marketing,2022-11-11,12
content_marketing,2022-11-12,6
content_marketing,2022-11-13,10
content_marketing,2022-11-14,41
content_marketing,2022-11-15,26
content_marketing,2022-11-16,18
content_marketing,2022-11-17,23
content_marketing,2022-11-18,11
content_marketing,2022-11-19,14
content_marketing,2022-11-20,16
content_marketing,2022-11-21,26
content_marketing,2022-11-22,14
content_marketing,2022-11-23,35
content_marketing,2022-11-24,22
content_marketing,2022-11-25,8
content_marketing,2022-11-26,4
content_marketing,2022-11-27,5
content_marketing,2022-11-28,16
content_marketing,2022-11-29,11
content_marketing,2022-11-30,15
content_marketing,2022-12-01,20
content_marketing,2022-12-02,14
content_marketing,2022-12-03,11
content_marketing,2022-12-04,9
content_marketing,2022-12-05,9
content_marketing,2022-12-06,18
content_marketing,2022-12-07,40
content_marketing,2022-12-08,14
content_marketing,2022-12-09,17
content_marketing,2022-12-10,32
content_marketing,2022-12-11,9
content_marketing,2022-12-12,12
content_marketing,2022-12-13,26
content_marketing,2022-12-14,15
content_marketing,2023-04-01,9
copywriting,2022-11-01,188
copywriting,2022-11-02,146
copywriting,2022-11-03,137
copywriting,2022-11-04,101
copywriting,2022-11-05,79
copywriting,2022-11-06,90
copywriting,2022-11-07,104
copywriting,2022-11-08,128
copywriting,2022-11-09,116
copywriting,2022-11-10,128
copywriting,2022-11-11,152
copywriting,2022-11-12,97
copywriting,2022-11-13,99
copywriting,2022-11-14,113
copywriting,2022-11-15,89
copywriting,2022-11-16,200
copywriting,2022-11-17,143
copywriting,2022-11-18,156
copywriting,2022-11-19,64
copywriting,2022-11-20,143
copywriting,2022-11-21,107
copywriting,2022-11-22,108
copywriting,2022-11-23,140
copywriting,2022-11-24,102
copywriting,2022-11-25,87
copywriting,2022-11-26,118
copywriting,2022-11-27,106
copywriting,2022-11-28,120
copywriting,2022-11-29,123
copywriting,2022-11-30,126
copywriting,2022-12-01,122
copywriting,2022-12-02,128
copywriting,2022-12-03,95
copywriting,2022-12-04,129
copywriting,2022-12-05,106
copywriting,2022-12-06,146
copywriting,2022-12-07,172
copywriting,2022-12-08,284
copywriting,2022-12-09,214
copywriting,2022-12-10,155
copywriting,2022-12-11,121
copywriting,2022-12-12,164
copywriting,2022-12-13,111
copywriting,2022-12-14,80
copywriting,2023-02-01,2
csMajors,2022-11-01,1367
csMajors,2022-11-02,1255
csMajors,2022-11-03,1645
csMajors,2022-11-04,1518
csMajors,2022-11-05,1047
csMajors,2022-11-06,1067
csMajors,2022-11-07,1526
csMajors,2022-11-08,1620
csMajors,2022-11-09,1265
csMajors,2022-11-10,1314
csMajors,2022-11-11,1056
csMajors,2022-11-12,1011
csMajors,2022-11-13,848
csMajors,2022-11-14,1390
csMajors,2022-11-15,1318
csMajors,2022-11-16,1297
csMajors,2022-11-17,1304
csMajors,2022-11-18,1470
csMajors,2022-11-19,832
csMajors,2022-11-20,798
csMajors,2022-11-21,1074
csMajors,2022-11-22,1126
csMajors,2022-11-23,921
csMajors,2022-11-24,875
csMajors,2022-11-25,1010
csMajors,2022-11-26,703
csMajors,2022-11-27,1012
csMajors,2022-11-28,998
csMajors,2022-11-29,1180
csMajors,2022-11-30,1384
csMajors,2022-12-01,1273
csMajors,2022-12-02,1043
csMajors,2022-12-03,858
csMajors,2022-12-04,881
csMajors,2022-12-05,859
csMajors,2022-12-06,1068
csMajors,2022-12-07,1129
csMajors,2022-12-08,933
csMajors,2022-12-09,966
csMajors,2022-12-10,1117
csMajors,2022-12-11,862
csMajors,2022-12-12,883
csMajors,2022-12-13,812
csMajors,2022-12-14,396
csMajors,2023-01-01,30
csMajors,2023-02-01,6
csMajors,2023-03-01,1
csMajors,2023-04-01,5
cscareerquestions,2022-11-01,2644
cscareerquestions,2022-11-02,2763
cscareerquestions,2022-11-03,2466
cscareerquestions,2022-11-04,2921
cscareerquestions,2022-11-05,2846
cscareerquestions,2022-11-06,2467
cscareerquestions,2022-11-07,3769
cscareerquestions,2022-11-08,2981
cscareerquestions,2022-11-09,3250
cscareerquestions,2022-11-10,2684
cscareerquestions,2022-11-11,2505
cscareerquestions,2022-11-12,2056
cscareerquestions,2022-11-13,2129
cscareerquestions,2022-11-14,2402
cscareerquestions,2022-11-15,2265
cscareerquestions,2022-11-16,2751
cscareerquestions,2022-11-17,2887
cscareerquestions,2022-11-18,2913
cscareerquestions,2022-11-19,2366
cscareerquestions,2022-11-20,2274
cscareerquestions,2022-11-21,2045
cscareerquestions,2022-11-22,2488
cscareerquestions,2022-11-23,2220
cscareerquestions,2022-11-24,2195
cscareerquestions,2022-11-25,1954
cscareerquestions,2022-11-26,1703
cscareerquestions,2022-11-27,1672
cscareerquestions,2022-11-28,2179
cscareerquestions,2022-11-29,1898
cscareerquestions,2022-11-30,2464
cscareerquestions,2022-12-01,2728
cscareerquestions,2022-12-02,2235
cscareerquestions,2022-12-03,1783
cscareerquestions,2022-12-04,1939
cscareerquestions,2022-12-05,1953
cscareerquestions,2022-12-06,2273
cscareerquestions,2022-12-07,2502
cscareerquestions,2022-12-08,2870
cscareerquestions,2022-12-09,2098
cscareerquestions,2022-12-10,1962
cscareerquestions,2022-12-11,1912
cscareerquestions,2022-12-12,2054
cscareerquestions,2022-12-13,2927
cscareerquestions,2022-12-14,1011
cscareerquestions,2023-01-01,44
cscareerquestions,2023-02-01,19
cscareerquestions,2023-03-01,6
cscareerquestions,2023-04-01,15
digital_marketing,2022-11-01,8
digital_marketing,2022-11-02,5
digital_marketing,2022-11-03,11
digital_marketing,2022-11-04,10
digital_marketing,2022-11-05,3
digital_marketing,2022-11-06,17
digital_marketing,2022-11-07,3
digital_marketing,2022-11-08,12
digital_marketing,2022-11-09,4
digital_marketing,2022-11-10,15
digital_marketing,2022-11-11,17
digital_marketing,2022-11-13,1
digital_marketing,2022-11-14,8
digital_marketing,2022-11-15,5
digital_marketing,2022-11-16,18
digital_marketing,2022-11-17,18
digital_marketing,2022-11-18,6
digital_marketing,2022-11-19,6
digital_marketing,2022-11-20,7
digital_marketing,2022-11-21,20
digital_marketing,2022-11-22,15
digital_marketing,2022-11-23,26
digital_marketing,2022-11-24,37
digital_marketing,2022-11-25,23
digital_marketing,2022-11-26,5
digital_marketing,2022-11-27,5
digital_marketing,2022-11-28,14
digital_marketing,2022-11-29,25
digital_marketing,2022-11-30,18
digital_marketing,2022-12-01,58
digital_marketing,2022-12-02,7
digital_marketing,2022-12-03,12
digital_marketing,2022-12-04,5
digital_marketing,2022-12-05,6
digital_marketing,2022-12-06,37
digital_marketing,2022-12-07,11
digital_marketing,2022-12-08,19
digital_marketing,2022-12-09,12
digital_marketing,2022-12-10,3
digital_marketing,2022-12-11,5
digital_marketing,2022-12-12,41
digital_marketing,2022-12-13,43
digital_marketing,2022-12-14,9
digital_marketing,2023-02-01,1
dropship,2022-11-01,199
dropship,2022-11-02,196
dropship,2022-11-03,129
dropship,2022-11-04,169
dropship,2022-11-05,191
dropship,2022-11-06,151
dropship,2022-11-07,209
dropship,2022-11-08,234
dropship,2022-11-09,246
dropship,2022-11-10,240
dropship,2022-11-11,215
dropship,2022-11-12,188
dropship,2022-11-13,251
dropship,2022-11-14,279
dropship,2022-11-15,258
dropship,2022-11-16,290
dropship,2022-11-17,182
dropship,2022-11-18,164
dropship,2022-11-19,223
dropship,2022-11-20,268
dropship,2022-11-21,293
dropship,2022-11-22,233
dropship,2022-11-23,275
dropship,2022-11-24,194
dropship,2022-11-25,239
dropship,2022-11-26,199
dropship,2022-11-27,205
dropship,2022-11-28,247
dropship,2022-11-29,266
dropship,2022-11-30,252
dropship,2022-12-01,251
dropship,2022-12-02,179
dropship,2022-12-03,168
dropship,2022-12-04,135
dropship,2022-12-05,152
dropship,2022-12-06,182
dropship,2022-12-07,274
dropship,2022-12-08,263
dropship,2022-12-09,142
dropship,2022-12-10,105
dropship,2022-12-11,172
dropship,2022-12-12,203
dropship,2022-12-13,225
dropship,2022-12-14,114
dropship,2023-01-01,1
dropship,2023-02-01,4
ecommerce,2022-11-01,169
ecommerce,2022-11-02,232
ecommerce,2022-11-03,247
ecommerce,2022-11-04,220
ecommerce,2022-11-05,181
ecommerce,2022-11-06,161
ecommerce,2022-11-07,185
ecommerce,2022-11-08,206
ecommerce,2022-11-09,229
ecommerce,2022-11-10,289
ecommerce,2022-11-11,213
ecommerce,2022-11-12,174
ecommerce,2022-11-13,234
ecommerce,2022-11-14,177
ecommerce,2022-11-15,269
ecommerce,2022-11-16,263
ecommerce,2022-11-17,246
ecommerce,2022-11-18,233
ecommerce,2022-11-19,239
ecommerce,2022-11-20,212
ecommerce,2022-11-21,224
ecommerce,2022-11-22,253
ecommerce,2022-11-23,213
ecommerce,2022-11-24,295
ecommerce,2022-11-25,269
ecommerce,2022-11-26,197
ecommerce,2022-11-27,133
ecommerce,2022-11-28,243
ecommerce,2022-11-29,309
ecommerce,2022-11-30,259
ecommerce,2022-12-01,232
ecommerce,2022-12-02,265
ecommerce,2022-12-03,254
ecommerce,2022-12-04,173
ecommerce,2022-12-05,232
ecommerce,2022-12-06,220
ecommerce,2022-12-07,227
ecommerce,2022-12-08,231
ecommerce,2022-12-09,172
ecommerce,2022-12-10,133
ecommerce,2022-12-11,147
ecommerce,2022-12-12,179
ecommerce,2022-12-13,171
ecommerce,2022-12-14,98
ecommerce,2023-01-01,11
ethereum,2022-11-01,754
ethereum,2022-11-02,327
ethereum,2022-11-03,264
ethereum,2022-11-04,377
ethereum,2022-11-05,518
ethereum,2022-11-06,343
ethereum,2022-11-07,621
ethereum,2022-11-08,374
ethereum,2022-11-09,569
ethereum,2022-11-10,676
ethereum,2022-11-11,797
ethereum,2022-11-12,989
ethereum,2022-11-13,555
ethereum,2022-11-14,651
ethereum,2022-11-15,659
ethereum,2022-11-16,972
ethereum,2022-11-17,717
ethereum,2022-11-18,673
ethereum,2022-11-19,601
ethereum,2022-11-20,441
ethereum,2022-11-21,637
ethereum,2022-11-22,511
ethereum,2022-11-23,349
ethereum,2022-11-24,386
ethereum,2022-11-25,489
ethereum,2022-11-26,227
ethereum,2022-11-27,568
ethereum,2022-11-28,357
ethereum,2022-11-29,544
ethereum,2022-11-30,442
ethereum,2022-12-01,532
ethereum,2022-12-02,352
ethereum,2022-12-03,388
ethereum,2022-12-04,608
ethereum,2022-12-05,228
ethereum,2022-12-06,365
ethereum,2022-12-07,537
ethereum,2022-12-08,417
ethereum,2022-12-09,485
ethereum,2022-12-10,337
ethereum,2022-12-11,1003
ethereum,2022-12-12,398
ethereum,2022-12-13,323
ethereum,2022-12-14,131
ethereum,2023-01-01,6
ethereum,2023-02-01,1
ethereum,2023-04-01,4
fantasywriters,2022-11-01,363
fantasywriters,2022-11-02,351
fantasywriters,2022-11-03,486
fantasywriters,2022-11-04,485
fantasywriters,2022-11-05,302
fantasywriters,2022-11-06,370
fantasywriters,2022-11-07,393
fantasywriters,2022-11-08,589
fantasywriters,2022-11-09,509
fantasywriters,2022-11-10,441
fantasywriters,2022-11-11,347
fantasywriters,2022-11-12,326
fantasywriters,2022-11-13,393
fantasywriters,2022-11-14,375
fantasywriters,2022-11-15,750
fantasywriters,2022-11-16,610
fantasywriters,2022-11-17,411
fantasywriters,2022-11-18,362
fantasywriters,2022-11-19,499
fantasywriters,2022-11-20,424
fantasywriters,2022-11-21,422
fantasywriters,2022-11-22,430
fantasywriters,2022-11-23,437
fantasywriters,2022-11-24,331
fantasywriters,2022-11-25,376
fantasywriters,2022-11-26,508
fantasywriters,2022-11-27,465
fantasywriters,2022-11-28,391
fantasywriters,2022-11-29,517
fantasywriters,2022-11-30,505
fantasywriters,2022-12-01,397
fantasywriters,2022-12-02,525
fantasywriters,2022-12-03,574
fantasywriters,2022-12-04,469
fantasywriters,2022-12-05,735
fantasywriters,2022-12-06,1089
fantasywriters,2022-12-07,493
fantasywriters,2022-12-08,418
fantasywriters,2022-12-09,555
fantasywriters,2022-12-10,483
fantasywriters,2022-12-11,350
fantasywriters,2022-12-12,552
fantasywriters,2022-12-13,547
fantasywriters,2022-12-14,174
fantasywriters,2023-01-01,7
fantasywriters,2023-02-01,4
fantasywriters,2023-04-01,6
fantasywriting,2022-11-02,1
fantasywriting,2022-11-03,1
fantasywriting,2022-11-05,2
fantasywriting,2022-11-06,2
fantasywriting,2022-11-07,2
fantasywriting,2022-11-08,1
fantasywriting,2022-11-10,5
fantasywriting,2022-11-12,4
fantasywriting,2022-11-13,3
fantasywriting,2022-11-14,2
fantasywriting,2022-11-15,4
fantasywriting,2022-11-21,2
fantasywriting,2022-11-22,3
fantasywriting,2022-11-23,2
fantasywriting,2022-12-01,1
fantasywriting,2022-12-05,3
fantasywriting,2022-12-07,5
fantasywriting,2022-12-14,1
fatFIRE,2022-11-01,419
fatFIRE,2022-11-02,324
fatFIRE,2022-11-03,639
fatFIRE,2022-11-04,474
fatFIRE,2022-11-05,563
fatFIRE,2022-11-06,420
fatFIRE,2022-11-07,626
fatFIRE,2022-11-08,647
fatFIRE,2022-11-09,779
fatFIRE,2022-11-10,387
fatFIRE,2022-11-11,390
fatFIRE,2022-11-12,464
fatFIRE,2022-11-13,591
fatFIRE,2022-11-14,526
fatFIRE,2022-11-15,247
fatFIRE,2022-11-16,323
fatFIRE,2022-11-17,241
fatFIRE,2022-11-18,498
fatFIRE,2022-11-19,380
fatFIRE,2022-11-20,493
fatFIRE,2022-11-21,1155
fatFIRE,2022-11-22,480
fatFIRE,2022-11-23,513
fatFIRE,2022-11-24,343
fatFIRE,2022-11-25,228
fatFIRE,2022-11-26,357
fatFIRE,2022-11-27,474
fatFIRE,2022-11-28,522
fatFIRE,2022-11-29,539
fatFIRE,2022-11-30,456
fatFIRE,2022-12-01,470
fatFIRE,2022-12-02,915
fatFIRE,2022-12-03,726
fatFIRE,2022-12-04,529
fatFIRE,2022-12-05,975
fatFIRE,2022-12-06,687
fatFIRE,2022-12-07,653
fatFIRE,2022-12-08,464
fatFIRE,2022-12-09,430
fatFIRE,2022-12-10,466
fatFIRE,2022-12-11,832
fatFIRE,2022-12-12,793
fatFIRE,2022-12-13,715
fatFIRE,2022-12-14,165
fatFIRE,2023-01-01,31
fatFIRE,2023-02-01,1
fatFIRE,2023-03-01,3
fatFIRE,2023-04-01,1
financialindependence,2022-11-01,695
financialindependence,2022-11-02,908
financialindependence,2022-11-03,796
financialindependence,2022-11-04,801
financialindependence,2022-11-05,736
financialindependence,2022-11-06,699
financialindependence,2022-11-07,859
financialindependence,2022-11-08,937
financialindependence,2022-11-09,778
financialindependence,2022-11-10,818
financialindependence,2022-11-11,886
financialindependence,2022-11-12,621
financialindependence,2022-11-13,914
financialindependence,2022-11-14,1021
financialindependence,2022-11-15,846
financialindependence,2022-11-16,1033
financialindependence,2022-11-17,1206
financialindependence,2022-11-18,891
financialindependence,2022-11-19,605
financialindependence,2022-11-20,462
financialindependence,2022-11-21,717
financialindependence,2022-11-22,796
financialindependence,2022-11-23,880
financialindependence,2022-11-24,466
financialindependence,2022-11-25,475
financialindependence,2022-11-26,533
financialindependence,2022-11-27,666
financialindependence,2022-11-28,589
financialindependence,2022-11-29,769
financialindependence,2022-11-30,790
financialindependence,2022-12-01,843
financialindependence,2022-12-02,716
financialindependence,2022-12-03,596
financialindependence,2022-12-04,776
financialindependence,2022-12-05,1047
financialindependence,2022-12-06,989
financialindependence,2022-12-07,871
financialindependence,2022-12-08,742
financialindependence,2022-12-09,683
financialindependence,2022-12-10,426
financialindependence,2022-12-11,1399
financialindependence,2022-12-12,951
financialindependence,2022-12-13,1493
financialindependence,2022-12-14,329
financialindependence,2023-01-01,8
financialindependence,2023-02-01,13
financialindependence,2023-03-01,5
financialindependence,2023-04-01,3
forhire,2022-11-01,344
forhire,2022-11-02,177
forhire,2022-11-03,139
forhire,2022-11-04,203
forhire,2022-11-05,132
forhire,2022-11-06,133
forhire,2022-11-07,161
forhire,2022-11-08,150
forhire,2022-11-09,166
forhire,2022-11-10,157
forhire,2022-11-11,186
forhire,2022-11-12,156
forhire,2022-11-13,171
forhire,2022-11-14,115
forhire,2022-11-15,173
forhire,2022-11-16,234
forhire,2022-11-17,227
forhire,2022-11-18,205
forhire,2022-11-19,124
forhire,2022-11-20,109
forhire,2022-11-21,128
forhire,2022-11-22,119
forhire,2022-11-23,179
forhire,2022-11-24,174
forhire,2022-11-25,265
forhire,2022-11-26,150
forhire,2022-11-27,137
forhire,2022-11-28,156
forhire,2022-11-29,231
forhire,2022-11-30,167
forhire,2022-12-01,161
forhire,2022-12-02,138
forhire,2022-12-03,195
forhire,2022-12-04,106
forhire,2022-12-05,203
forhire,2022-12-06,151
forhire,2022-12-07,194
forhire,2022-12-08,185
forhire,2022-12-09,174
forhire,2022-12-10,134
forhire,2022-12-11,132
forhire,2022-12-12,165
forhire,2022-12-13,181
forhire,2022-12-14,98
forhire,2023-01-01,4
forhire,2023-03-01,1
forhire,2023-04-01,1
freelance,2022-11-01,31
freelance,2022-11-02,60
freelance,2022-11-03,56
freelance,2022-11-04,93
freelance,2022-11-05,20
freelance,2022-11-06,39
freelance,2022-11-07,24
freelance,2022-11-08,64
freelance,2022-11-09,23
freelance,2022-11-10,93
freelance,2022-11-11,39
freelance,2022-11-12,52
freelance,2022-11-13,36
freelance,2022-11-14,29
freelance,2022-11-15,32
freelance,2022-11-16,40
freelance,2022-11-17,28
freelance,2022-11-18,20
freelance,2022-11-19,27
freelance,2022-11-20,10
freelance,2022-11-21,34
freelance,2022-11-22,58
freelance,2022-11-23,56
freelance,2022-11-24,60
freelance,2022-11-25,14
freelance,2022-11-26,13
freelance,2022-11-27,9
freelance,2022-11-28,16
freelance,2022-11-29,21
freelance,2022-11-30,31
freelance,2022-12-01,63
freelance,2022-12-02,112
freelance,2022-12-03,53
freelance,2022-12-04,34
freelance,2022-12-05,40
freelance,2022-12-06,122
freelance,2022-12-07,43
freelance,2022-12-08,79
freelance,2022-12-09,42
freelance,2022-12-10,26
freelance,2022-12-11,54
freelance,2022-12-12,38
freelance,2022-12-13,42
freelance,2022-12-14,28
freelance,2023-02-01,1
freelanceWriters,2022-11-01,207
freelanceWriters,2022-11-02,169
freelanceWriters,2022-11-03,139
freelanceWriters,2022-11-04,117
freelanceWriters,2022-11-05,89
freelanceWriters,2022-11-06,81
freelanceWriters,2022-11-07,99
freelanceWriters,2022-11-08,87
freelanceWriters,2022-11-09,108
freelanceWriters,2022-11-10,171
freelanceWriters,2022-11-11,98
freelanceWriters,2022-11-12,141
freelanceWriters,2022-11-13,158
freelanceWriters,2022-11-14,131
freelanceWriters,2022-11-15,121
freelanceWriters,2022-11-16,60
freelanceWriters,2022-11-17,171
freelanceWriters,2022-11-18,150
freelanceWriters,2022-11-19,99
freelanceWriters,2022-11-20,106
freelanceWriters,2022-11-21,148
freelanceWriters,2022-11-22,99
freelanceWriters,2022-11-23,121
freelanceWriters,2022-11-24,122
freelanceWriters,2022-11-25,164
freelanceWriters,2022-11-26,169
freelanceWriters,2022-11-27,144
freelanceWriters,2022-11-28,158
freelanceWriters,2022-11-29,168
freelanceWriters,2022-11-30,237
freelanceWriters,2022-12-01,158
freelanceWriters,2022-12-02,201
freelanceWriters,2022-12-03,99
freelanceWriters,2022-12-04,110
freelanceWriters,2022-12-05,132
freelanceWriters,2022-12-06,188
freelanceWriters,2022-12-07,163
freelanceWriters,2022-12-08,211
freelanceWriters,2022-12-09,228
freelanceWriters,2022-12-10,190
freelanceWriters,2022-12-11,152
freelanceWriters,2022-12-12,158
freelanceWriters,2022-12-13,189
freelanceWriters,2022-12-14,79
freelanceWriters,2023-01-01,5
freelanceWriters,2023-04-01,2
hardware,2022-11-01,955
hardware,2022-11-02,885
hardware,2022-11-03,2134
hardware,2022-11-04,1691
hardware,2022-11-05,1347
hardware,2022-11-06,692
hardware,2022-11-07,632
hardware,2022-11-08,1080
hardware,2022-11-09,997
hardware,2022-11-10,729
hardware,2022-11-11,989
hardware,2022-11-12,730
hardware,2022-11-13,679
hardware,2022-11-14,814
hardware,2022-11-15,1277
hardware,2022-11-16,1103
hardware,2022-11-17,1117
hardware,2022-11-18,967
hardware,2022-11-19,1165
hardware,2022-11-20,797
hardware,2022-11-21,756
hardware,2022-11-22,957
hardware,2022-11-23,1178
hardware,2022-11-24,844
hardware,2022-11-25,531
hardware,2022-11-26,672
hardware,2022-11-27,539
hardware,2022-11-28,390
hardware,2022-11-29,457
hardware,2022-11-30,565
hardware,2022-12-01,571
hardware,2022-12-02,1026
hardware,2022-12-03,807
hardware,2022-12-04,824
hardware,2022-12-05,760
hardware,2022-12-06,815
hardware,2022-12-07,1014
hardware,2022-12-08,903
hardware,2022-12-09,1085
hardware,2022-12-10,978
hardware,2022-12-11,561
hardware,2022-12-12,2370
hardware,2022-12-13,1508
hardware,2022-12-14,439
hardware,2023-01-01,16
hardware,2023-02-01,5
hardware,2023-03-01,4
hardware,2023-04-01,4
inthenews,2022-11-01,1512
inthenews,2022-11-02,1268
inthenews,2022-11-03,991
inthenews,2022-11-04,982
inthenews,2022-11-05,951
inthenews,2022-11-06,1141
inthenews,2022-11-07,1234
inthenews,2022-11-08,1368
inthenews,2022-11-09,1222
inthenews,2022-11-10,1491
inthenews,2022-11-11,1475
inthenews,2022-11-12,1041
inthenews,2022-11-13,967
inthenews,2022-11-14,969
inthenews,2022-11-15,1074
inthenews,2022-11-16,1324
inthenews,2022-11-17,2116
inthenews,2022-11-18,1927
inthenews,2022-11-19,757
inthenews,2022-11-20,1428
inthenews,2022-11-21,1131
inthenews,2022-11-22,1084
inthenews,2022-11-23,1247
inthenews,2022-11-24,1064
inthenews,2022-11-25,1054
inthenews,2022-11-26,1413
inthenews,2022-11-27,814
inthenews,2022-11-28,855
inthenews,2022-11-29,1011
inthenews,2022-11-30,1124
inthenews,2022-12-01,663
inthenews,2022-12-02,993
inthenews,2022-12-03,973
inthenews,2022-12-04,1045
inthenews,2022-12-05,1218
inthenews,2022-12-06,1336
inthenews,2022-12-07,1304
inthenews,2022-12-08,1297
inthenews,2022-12-09,1390
inthenews,2022-12-10,1446
inthenews,2022-12-11,1040
inthenews,2022-12-12,1260
inthenews,2022-12-13,1489
inthenews,2022-12-14,358
inthenews,2023-01-01,15
inthenews,2023-02-01,17
inthenews,2023-03-01,3
inthenews,2023-04-01,19
labrats,2022-11-01,403
labrats,2022-11-02,592
labrats,2022-11-03,565
labrats,2022-11-04,502
labrats,2022-11-05,539
labrats,2022-11-06,396
labrats,2022-11-07,346
labrats,2022-11-08,438
labrats,2022-11-09,530
labrats,2022-11-10,430
labrats,2022-11-11,691
labrats,2022-11-12,431
labrats,2022-11-13,276
labrats,2022-11-14,444
labrats,2022-11-15,531
labrats,2022-11-16,572
labrats,2022-11-17,545
labrats,2022-11-18,588
labrats,2022-11-19,593
labrats,2022-11-20,271
labrats,2022-11-21,401
labrats,2022-11-22,391
labrats,2022-11-23,991
labrats,2022-11-24,413
labrats,2022-11-25,349
labrats,2022-11-26,261
labrats,2022-11-27,390
labrats,2022-11-28,298
labrats,2022-11-29,527
labrats,2022-11-30,491
labrats,2022-12-01,491
labrats,2022-12-02,484
labrats,2022-12-03,391
labrats,2022-12-04,363
labrats,2022-12-05,430
labrats,2022-12-06,451
labrats,2022-12-07,579
labrats,2022-12-08,672
labrats,2022-12-09,580
labrats,2022-12-10,468
labrats,2022-12-11,407
labrats,2022-12-12,418
labrats,2022-12-13,391
labrats,2022-12-14,328
labrats,2023-01-01,6
labrats,2023-02-01,5
labrats,2023-03-01,1
labrats,2023-04-01,7
languagelearning,2022-11-01,641
languagelearning,2022-11-02,970
languagelearning,2022-11-03,836
languagelearning,2022-11-04,1243
languagelearning,2022-11-05,794
languagelearning,2022-11-06,1234
languagelearning,2022-11-07,1389
languagelearning,2022-11-08,1010
languagelearning,2022-11-09,887
languagelearning,2022-11-10,1231
languagelearning,2022-11-11,897
languagelearning,2022-11-12,1031
languagelearning,2022-11-13,820
languagelearning,2022-11-14,894
languagelearning,2022-11-15,1191
languagelearning,2022-11-16,1042
languagelearning,2022-11-17,972
languagelearning,2022-11-18,726
languagelearning,2022-11-19,1137
languagelearning,2022-11-20,954
languagelearning,2022-11-21,851
languagelearning,2022-11-22,989
languagelearning,2022-11-23,896
languagelearning,2022-11-24,653
languagelearning,2022-11-25,847
languagelearning,2022-11-26,842
languagelearning,2022-11-27,834
languagelearning,2022-11-28,1179
languagelearning,2022-11-29,1841
languagelearning,2022-11-30,1041
languagelearning,2022-12-01,738
languagelearning,2022-12-02,914
languagelearning,2022-12-03,819
languagelearning,2022-12-04,688
languagelearning,2022-12-05,990
languagelearning,2022-12-06,831
languagelearning,2022-12-07,778
languagelearning,2022-12-08,770
languagelearning,2022-12-09,702
languagelearning,2022-12-10,760
languagelearning,2022-12-11,1026
languagelearning,2022-12-12,972
languagelearning,2022-12-13,1247
languagelearning,2022-12-14,453
languagelearning,2023-01-01,16
languagelearning,2023-02-01,20
languagelearning,2023-03-01,3
languagelearning,2023-04-01,6
leanfire,2022-11-01,54
leanfire,2022-11-02,13
leanfire,2022-11-03,25
leanfire,2022-11-04,72
leanfire,2022-11-05,80
leanfire,2022-11-06,77
leanfire,2022-11-07,33
leanfire,2022-11-08,48
leanfire,2022-11-09,73
leanfire,2022-11-10,51
leanfire,2022-11-11,79
leanfire,2022-11-12,64
leanfire,2022-11-13,37
leanfire,2022-11-14,67
leanfire,2022-11-15,100
leanfire,2022-11-16,50
leanfire,2022-11-17,190
leanfire,2022-11-18,48
leanfire,2022-11-19,84
leanfire,2022-11-20,87
leanfire,2022-11-21,41
leanfire,2022-11-22,91
leanfire,2022-11-23,60
leanfire,2022-11-24,41
leanfire,2022-11-25,16
leanfire,2022-11-26,16
leanfire,2022-11-27,116
leanfire,2022-11-28,111
leanfire,2022-11-29,71
leanfire,2022-11-30,146
leanfire,2022-12-01,21
leanfire,2022-12-02,45
leanfire,2022-12-03,117
leanfire,2022-12-04,96
leanfire,2022-12-05,103
leanfire,2022-12-06,125
leanfire,2022-12-07,46
leanfire,2022-12-08,69
leanfire,2022-12-09,35
leanfire,2022-12-10,57
leanfire,2022-12-11,31
leanfire,2022-12-12,38
leanfire,2022-12-13,52
leanfire,2022-12-14,19
leanfire,2023-01-01,2
leanfire,2023-02-01,3
learnmath,2022-11-01,299
learnmath,2022-11-02,311
learnmath,2022-11-03,311
learnmath,2022-11-04,258
learnmath,2022-11-05,277
learnmath,2022-11-06,407
learnmath,2022-11-07,367
learnmath,2022-11-08,349
learnmath,2022-11-09,375
learnmath,2022-11-10,404
learnmath,2022-11-11,229
learnmath,2022-11-12,320
learnmath,2022-11-13,367
learnmath,2022-11-14,309
learnmath,2022-11-15,247
learnmath,2022-11-16,245
learnmath,2022-11-17,228
learnmath,2022-11-18,300
learnmath,2022-11-19,165
learnmath,2022-11-20,148
learnmath,2022-11-21,169
learnmath,2022-11-22,195
learnmath,2022-11-23,305
learnmath,2022-11-24,350
learnmath,2022-11-25,356
learnmath,2022-11-26,154
learnmath,2022-11-27,186
learnmath,2022-11-28,197
learnmath,2022-11-29,230
learnmath,2022-11-30,293
learnmath,2022-12-01,231
learnmath,2022-12-02,190
learnmath,2022-12-03,180
learnmath,2022-12-04,232
learnmath,2022-12-05,247
learnmath,2022-12-06,225
learnmath,2022-12-07,346
learnmath,2022-12-08,358
learnmath,2022-12-09,284
learnmath,2022-12-10,230
learnmath,2022-12-11,266
learnmath,2022-12-12,317
learnmath,2022-12-13,422
learnmath,2022-12-14,150
learnmath,2023-01-01,7
learnmath,2023-02-01,3
learnmath,2023-04-01,1
learnprogramming,2022-11-01,1296
learnprogramming,2022-11-02,1410
learnprogramming,2022-11-03,1743
learnprogramming,2022-11-04,2015
learnprogramming,2022-11-05,1049
learnprogramming,2022-11-06,1254
learnprogramming,2022-11-07,1336
learnprogramming,2022-11-08,1659
learnprogramming,2022-11-09,1531
learnprogramming,2022-11-10,1266
learnprogramming,2022-11-11,1062
learnprogramming,2022-11-12,1183
learnprogramming,2022-11-13,1152
learnprogramming,2022-11-14,1442
learnprogramming,2022-11-15,1239
learnprogramming,2022-11-16,1117
learnprogramming,2022-11-17,1564
learnprogramming,2022-11-18,1205
learnprogramming,2022-11-19,1606
learnprogramming,2022-11-20,1296
learnprogramming,2022-11-21,1281
learnprogramming,2022-11-22,1361
learnprogramming,2022-11-23,1299
learnprogramming,2022-11-24,1199
learnprogramming,2022-11-25,1361
learnprogramming,2022-11-26,1245
learnprogramming,2022-11-27,1436
learnprogramming,2022-11-28,1165
learnprogramming,2022-11-29,1305
learnprogramming,2022-11-30,1438
learnprogramming,2022-12-01,1180
learnprogramming,2022-12-02,1657
learnprogramming,2022-12-03,1215
learnprogramming,2022-12-04,1249
learnprogramming,2022-12-05,1086
learnprogramming,2022-12-06,1222
learnprogramming,2022-12-07,1329
learnprogramming,2022-12-08,1132
learnprogramming,2022-12-09,1087
learnprogramming,2022-12-10,959
learnprogramming,2022-12-11,1083
learnprogramming,2022-12-12,1126
learnprogramming,2022-12-13,935
learnprogramming,2022-12-14,492
learnprogramming,2023-01-01,42
learnprogramming,2023-02-01,2
learnprogramming,2023-03-01,7
learnprogramming,2023-04-01,4
medical,2022-11-01,685
medical,2022-11-02,768
medical,2022-11-03,785
medical,2022-11-04,688
medical,2022-11-05,746
medical,2022-11-06,664
medical,2022-11-07,638
medical,2022-11-08,760
medical,2022-11-09,776
medical,2022-11-10,834
medical,2022-11-11,716
medical,2022-11-12,741
medical,2022-11-13,765
medical,2022-11-14,682
medical,2022-11-15,695
medical,2022-11-16,760
medical,2022-11-17,856
medical,2022-11-18,739
medical,2022-11-19,631
medical,2022-11-20,558
medical,2022-11-21,716
medical,2022-11-22,748
medical,2022-11-23,676
medical,2022-11-24,669
medical,2022-11-25,640
medical,2022-11-26,687
medical,2022-11-27,591
medical,2022-11-28,680
medical,2022-11-29,675
medical,2022-11-30,778
medical,2022-12-01,722
medical,2022-12-02,589
medical,2022-12-03,726
medical,2022-12-04,593
medical,2022-12-05,807
medical,2022-12-06,804
medical,2022-12-07,732
medical,2022-12-08,658
medical,2022-12-09,824
medical,2022-12-10,783
medical,2022-12-11,701
medical,2022-12-12,738
medical,2022-12-13,746
medical,2022-12-14,356
medical,2023-01-01,12
medical,2023-02-01,9
medical,2023-03-01,2
medical,2023-04-01,2
medicine,2022-11-01,542
medicine,2022-11-02,1064
medicine,2022-11-03,1196
medicine,2022-11-04,2217
medicine,2022-11-05,963
medicine,2022-11-06,736
medicine,2022-11-07,821
medicine,2022-11-08,812
medicine,2022-11-09,694
medicine,2022-11-10,974
medicine,2022-11-11,970
medicine,2022-11-12,1223
medicine,2022-11-13,816
medicine,2022-11-14,786
medicine,2022-11-15,1066
medicine,2022-11-16,1236
medicine,2022-11-17,1250
medicine,2022-11-18,492
medicine,2022-11-19,891
medicine,2022-11-20,898
medicine,2022-11-21,496
medicine,2022-11-22,964
medicine,2022-11-23,552
medicine,2022-11-24,475
medicine,2022-11-25,540
medicine,2022-11-26,1091
medicine,2022-11-27,1019
medicine,2022-11-28,899
medicine,2022-11-29,794
medicine,2022-11-30,1107
medicine,2022-12-01,1034
medicine,2022-12-02,768
medicine,2022-12-03,915
medicine,2022-12-04,828
medicine,2022-12-05,390
medicine,2022-12-06,587
medicine,2022-12-07,1034
medicine,2022-12-08,976
medicine,2022-12-09,715
medicine,2022-12-10,885
medicine,2022-12-11,665
medicine,2022-12-12,895
medicine,2022-12-13,999
medicine,2022-12-14,263
medicine,2023-01-01,21
medicine,2023-02-01,13
medicine,2023-03-01,4
medicine,2023-04-01,4
moderatepolitics,2022-11-01,2704
moderatepolitics,2022-11-02,3092
moderatepolitics,2022-11-03,2269
moderatepolitics,2022-11-04,2228
moderatepolitics,2022-11-05,1636
moderatepolitics,2022-11-06,1259
moderatepolitics,2022-11-07,2317
moderatepolitics,2022-11-08,2819
moderatepolitics,2022-11-09,4282
moderatepolitics,2022-11-10,1855
moderatepolitics,2022-11-11,1825
moderatepolitics,2022-11-12,1265
moderatepolitics,2022-11-13,1082
moderatepolitics,2022-11-14,1304
moderatepolitics,2022-11-15,1941
moderatepolitics,2022-11-16,2116
moderatepolitics,2022-11-17,1635
moderatepolitics,2022-11-18,1998
moderatepolitics,2022-11-19,754
moderatepolitics,2022-11-20,1100
moderatepolitics,2022-11-21,2196
moderatepolitics,2022-11-22,1450
moderatepolitics,2022-11-23,2909
moderatepolitics,2022-11-24,590
moderatepolitics,2022-11-25,1288
moderatepolitics,2022-11-26,599
moderatepolitics,2022-11-27,630
moderatepolitics,2022-11-28,854
moderatepolitics,2022-11-29,1567
moderatepolitics,2022-11-30,1509
moderatepolitics,2022-12-01,1671
moderatepolitics,2022-12-02,1500
moderatepolitics,2022-12-03,1871
moderatepolitics,2022-12-04,1562
moderatepolitics,2022-12-05,2921
moderatepolitics,2022-12-06,1319
moderatepolitics,2022-12-07,1188
moderatepolitics,2022-12-08,1550
moderatepolitics,2022-12-09,2149
moderatepolitics,2022-12-10,927
moderatepolitics,2022-12-11,1032
moderatepolitics,2022-12-12,1732
moderatepolitics,2022-12-13,1599
moderatepolitics,2022-12-14,453
moderatepolitics,2023-02-01,11
moderatepolitics,2023-03-01,8
moderatepolitics,2023-04-01,8
pcgaming,2022-11-01,2795
pcgaming,2022-11-02,3578
pcgaming,2022-11-03,3206
pcgaming,2022-11-04,2515
pcgaming,2022-11-05,2403
pcgaming,2022-11-06,2707
pcgaming,2022-11-07,3233
pcgaming,2022-11-08,3267
pcgaming,2022-11-09,3066
pcgaming,2022-11-10,2082
pcgaming,2022-11-11,2915
pcgaming,2022-11-12,1759
pcgaming,2022-11-13,1911
pcgaming,2022-11-14,3024
pcgaming,2022-11-15,2641
pcgaming,2022-11-16,2522
pcgaming,2022-11-17,3405
pcgaming,2022-11-18,15159
pcgaming,2022-11-19,19850
pcgaming,2022-11-20,1614
pcgaming,2022-11-21,2356
pcgaming,2022-11-22,3489
pcgaming,2022-11-23,4023
pcgaming,2022-11-24,3440
pcgaming,2022-11-25,2076
pcgaming,2022-11-26,2002
pcgaming,2022-11-27,3045
pcgaming,2022-11-28,5037
pcgaming,2022-11-29,3930
pcgaming,2022-11-30,2681
pcgaming,2022-12-01,2568
pcgaming,2022-12-02,4661
pcgaming,2022-12-03,3433
pcgaming,2022-12-04,1730
pcgaming,2022-12-05,3663
pcgaming,2022-12-06,3543
pcgaming,2022-12-07,3591
pcgaming,2022-12-08,3757
pcgaming,2022-12-09,5664
pcgaming,2022-12-10,4465
pcgaming,2022-12-11,2614
pcgaming,2022-12-12,3587
pcgaming,2022-12-13,3666
pcgaming,2022-12-14,1562
pcgaming,2023-01-01,93
pcgaming,2023-02-01,28
pcgaming,2023-03-01,13
pcgaming,2023-04-01,15
photography,2022-11-01,683
photography,2022-11-02,768
photography,2022-11-03,603
photography,2022-11-04,637
photography,2022-11-05,784
photography,2022-11-06,604
photography,2022-11-07,713
photography,2022-11-08,677
photography,2022-11-09,869
photography,2022-11-10,568
photography,2022-11-11,682
photography,2022-11-12,589
photography,2022-11-13,496
photography,2022-11-14,827
photography,2022-11-15,573
photography,2022-11-16,489
photography,2022-11-17,577
photography,2022-11-18,952
photography,2022-11-19,766
photography,2022-11-20,533
photography,2022-11-21,573
photography,2022-11-22,443
photography,2022-11-23,498
photography,2022-11-24,591
photography,2022-11-25,486
photography,2022-11-26,597
photography,2022-11-27,557
photography,2022-11-28,843
photography,2022-11-29,764
photography,2022-11-30,959
photography,2022-12-01,801
photography,2022-12-02,796
photography,2022-12-03,683
photography,2022-12-04,681
photography,2022-12-05,648
photography,2022-12-06,640
photography,2022-12-07,695
photography,2022-12-08,944
photography,2022-12-09,917
photography,2022-12-10,733
photography,2022-12-11,831
photography,2022-12-12,638
photography,2022-12-13,662
photography,2022-12-14,297
photography,2023-01-01,3
photography,2023-02-01,4
photography,2023-03-01,1
photography,2023-04-01,5
relationship_advice,2022-11-01,25064
relationship_advice,2022-11-02,26054
relationship_advice,2022-11-03,25025
relationship_advice,2022-11-04,22728
relationship_advice,2022-11-05,21295
relationship_advice,2022-11-06,23271
relationship_advice,2022-11-07,26584
relationship_advice,2022-11-08,27884
relationship_advice,2022-11-09,25350
relationship_advice,2022-11-10,24625
relationship_advice,2022-11-11,23739
relationship_advice,2022-11-12,25143
relationship_advice,2022-11-13,25214
relationship_advice,2022-11-14,25051
relationship_advice,2022-11-15,26134
relationship_advice,2022-11-16,26877
relationship_advice,2022-11-17,23850
relationship_advice,2022-11-18,23558
relationship_advice,2022-11-19,21385
relationship_advice,2022-11-20,22289
relationship_advice,2022-11-21,23507
relationship_advice,2022-11-22,24340
relationship_advice,2022-11-23,22606
relationship_advice,2022-11-24,22541
relationship_advice,2022-11-25,21242
relationship_advice,2022-11-26,21189
relationship_advice,2022-11-27,23658
relationship_advice,2022-11-28,25210
relationship_advice,2022-11-29,25279
relationship_advice,2022-11-30,25926
relationship_advice,2022-12-01,23895
relationship_advice,2022-12-02,23361
relationship_advice,2022-12-03,21579
relationship_advice,2022-12-04,21429
relationship_advice,2022-12-05,23480
relationship_advice,2022-12-06,25590
relationship_advice,2022-12-07,24314
relationship_advice,2022-12-08,23566
relationship_advice,2022-12-09,21031
relationship_advice,2022-12-10,21482
relationship_advice,2022-12-11,21882
relationship_advice,2022-12-12,24789
relationship_advice,2022-12-13,24720
relationship_advice,2022-12-14,9397
relationship_advice,2023-01-01,422
relationship_advice,2023-02-01,267
relationship_advice,2023-03-01,128
relationship_advice,2023-04-01,82
scifiwriting,2022-11-01,119
scifiwriting,2022-11-02,53
scifiwriting,2022-11-03,125
scifiwriting,2022-11-04,145
scifiwriting,2022-11-05,141
scifiwriting,2022-11-06,120
scifiwriting,2022-11-07,197
scifiwriting,2022-11-08,240
scifiwriting,2022-11-09,86
scifiwriting,2022-11-10,113
scifiwriting,2022-11-11,79
scifiwriting,2022-11-12,121
scifiwriting,2022-11-13,123
scifiwriting,2022-11-14,179
scifiwriting,2022-11-15,150
scifiwriting,2022-11-16,164
scifiwriting,2022-11-17,127
scifiwriting,2022-11-18,83
scifiwriting,2022-11-19,92
scifiwriting,2022-11-20,131
scifiwriting,2022-11-21,128
scifiwriting,2022-11-22,149
scifiwriting,2022-11-23,151
scifiwriting,2022-11-24,187
scifiwriting,2022-11-25,160
scifiwriting,2022-11-26,117
scifiwriting,2022-11-27,105
scifiwriting,2022-11-28,181
scifiwriting,2022-11-29,90
scifiwriting,2022-11-30,109
scifiwriting,2022-12-01,87
scifiwriting,2022-12-02,132
scifiwriting,2022-12-03,142
scifiwriting,2022-12-04,114
scifiwriting,2022-12-05,167
scifiwriting,2022-12-06,155
scifiwriting,2022-12-07,191
scifiwriting,2022-12-08,165
scifiwriting,2022-12-09,112
scifiwriting,2022-12-10,93
scifiwriting,2022-12-11,84
scifiwriting,2022-12-12,34
scifiwriting,2022-12-13,61
scifiwriting,2022-12-14,48
scifiwriting,2023-01-01,4
scifiwriting,2023-02-01,2
scifiwriting,2023-03-01,2
shopify,2022-11-01,268
shopify,2022-11-02,320
shopify,2022-11-03,298
shopify,2022-11-04,284
shopify,2022-11-05,197
shopify,2022-11-06,161
shopify,2022-11-07,204
shopify,2022-11-08,210
shopify,2022-11-09,234
shopify,2022-11-10,160
shopify,2022-11-11,200
shopify,2022-11-12,153
shopify,2022-11-13,170
shopify,2022-11-14,258
shopify,2022-11-15,254
shopify,2022-11-16,294
shopify,2022-11-17,199
shopify,2022-11-18,199
shopify,2022-11-19,208
shopify,2022-11-20,243
shopify,2022-11-21,289
shopify,2022-11-22,273
shopify,2022-11-23,236
shopify,2022-11-24,328
shopify,2022-11-25,247
shopify,2022-11-26,211
shopify,2022-11-27,177
shopify,2022-11-28,232
shopify,2022-11-29,203
shopify,2022-11-30,275
shopify,2022-12-01,264
shopify,2022-12-02,243
shopify,2022-12-03,185
shopify,2022-12-04,223
shopify,2022-12-05,312
shopify,2022-12-06,278
shopify,2022-12-07,395
shopify,2022-12-08,337
shopify,2022-12-09,396
shopify,2022-12-10,233
shopify,2022-12-11,190
shopify,2022-12-12,232
shopify,2022-12-13,305
shopify,2022-12-14,104
shopify,2023-01-01,12
shopify,2023-02-01,2
singularity,2022-11-01,549
singularity,2022-11-02,316
singularity,2022-11-03,381
singularity,2022-11-04,249
singularity,2022-11-05,246
singularity,2022-11-06,423
singularity,2022-11-07,234
singularity,2022-11-08,169
singularity,2022-11-09,224
singularity,2022-11-10,251
singularity,2022-11-11,328
singularity,2022-11-12,648
singularity,2022-11-13,249
singularity,2022-11-14,241
singularity,2022-11-15,346
singularity,2022-11-16,273
singularity,2022-11-17,270
singularity,2022-11-18,221
singularity,2022-11-19,401
singularity,2022-11-20,468
singularity,2022-11-21,407
singularity,2022-11-22,373
singularity,2022-11-23,351
singularity,2022-11-24,266
singularity,2022-11-25,312
singularity,2022-11-26,149
singularity,2022-11-27,705
singularity,2022-11-28,498
singularity,2022-11-29,270
singularity,2022-11-30,574
singularity,2022-12-01,597
singularity,2022-12-02,622
singularity,2022-12-03,624
singularity,2022-12-04,869
singularity,2022-12-05,1121
singularity,2022-12-06,957
singularity,2022-12-07,845
singularity,2022-12-08,1143
singularity,2022-12-09,885
singularity,2022-12-10,1176
singularity,2022-12-11,1309
singularity,2022-12-12,1071
singularity,2022-12-13,1123
singularity,2022-12-14,379
singularity,2023-01-01,19
singularity,2023-02-01,6
singularity,2023-03-01,3
singularity,2023-04-01,15
smallbusiness,2022-11-01,824
smallbusiness,2022-11-02,952
smallbusiness,2022-11-03,908
smallbusiness,2022-11-04,762
smallbusiness,2022-11-05,770
smallbusiness,2022-11-06,736
smallbusiness,2022-11-07,1097
smallbusiness,2022-11-08,899
smallbusiness,2022-11-09,913
smallbusiness,2022-11-10,900
smallbusiness,2022-11-11,724
smallbusiness,2022-11-12,734
smallbusiness,2022-11-13,776
smallbusiness,2022-11-14,983
smallbusiness,2022-11-15,993
smallbusiness,2022-11-16,921
smallbusiness,2022-11-17,958
smallbusiness,2022-11-18,1098
smallbusiness,2022-11-19,849
smallbusiness,2022-11-20,764
smallbusiness,2022-11-21,915
smallbusiness,2022-11-22,980
smallbusiness,2022-11-23,919
smallbusiness,2022-11-24,786
smallbusiness,2022-11-25,1013
smallbusiness,2022-11-26,878
smallbusiness,2022-11-27,912
smallbusiness,2022-11-28,1204
smallbusiness,2022-11-29,1248
smallbusiness,2022-11-30,1271
smallbusiness,2022-12-01,881
smallbusiness,2022-12-02,802
smallbusiness,2022-12-03,881
smallbusiness,2022-12-04,787
smallbusiness,2022-12-05,700
smallbusiness,2022-12-06,853
smallbusiness,2022-12-07,1091
smallbusiness,2022-12-08,878
smallbusiness,2022-12-09,882
smallbusiness,2022-12-10,785
smallbusiness,2022-12-11,844
smallbusiness,2022-12-12,879
smallbusiness,2022-12-13,976
smallbusiness,2022-12-14,350
smallbusiness,2023-01-01,6
smallbusiness,2023-02-01,21
smallbusiness,2023-03-01,7
smallbusiness,2023-04-01,8
socialskills,2022-11-01,973
socialskills,2022-11-02,985
socialskills,2022-11-03,869
socialskills,2022-11-04,1014
socialskills,2022-11-05,1079
socialskills,2022-11-06,2151
socialskills,2022-11-07,2476
socialskills,2022-11-08,1224
socialskills,2022-11-09,1226
socialskills,2022-11-10,1166
socialskills,2022-11-11,761
socialskills,2022-11-12,983
socialskills,2022-11-13,1095
socialskills,2022-11-14,1331
socialskills,2022-11-15,1298
socialskills,2022-11-16,1033
socialskills,2022-11-17,1034
socialskills,2022-11-18,1077
socialskills,2022-11-19,1023
socialskills,2022-11-20,959
socialskills,2022-11-21,1159
socialskills,2022-11-22,1018
socialskills,2022-11-23,1046
socialskills,2022-11-24,1287
socialskills,2022-11-25,1099
socialskills,2022-11-26,1579
socialskills,2022-11-27,1248
socialskills,2022-11-28,1656
socialskills,2022-11-29,1164
socialskills,2022-11-30,1082
socialskills,2022-12-01,1316
socialskills,2022-12-02,1286
socialskills,2022-12-03,944
socialskills,2022-12-04,1123
socialskills,2022-12-05,1065
socialskills,2022-12-06,980
socialskills,2022-12-07,1159
socialskills,2022-12-08,1049
socialskills,2022-12-09,1459
socialskills,2022-12-10,1281
socialskills,2022-12-11,1471
socialskills,2022-12-12,1071
socialskills,2022-12-13,871
socialskills,2022-12-14,423
socialskills,2023-01-01,17
socialskills,2023-02-01,10
socialskills,2023-03-01,1
socialskills,2023-04-01,4
solotravel,2022-11-01,985
solotravel,2022-11-02,726
solotravel,2022-11-03,508
solotravel,2022-11-04,698
solotravel,2022-11-05,753
solotravel,2022-11-06,458
solotravel,2022-11-07,568
solotravel,2022-11-08,544
solotravel,2022-11-09,491
solotravel,2022-11-10,733
solotravel,2022-11-11,641
solotravel,2022-11-12,766
solotravel,2022-11-13,652
solotravel,2022-11-14,530
solotravel,2022-11-15,487
solotravel,2022-11-16,421
solotravel,2022-11-17,541
solotravel,2022-11-18,672
solotravel,2022-11-19,485
solotravel,2022-11-20,440
solotravel,2022-11-21,608
solotravel,2022-11-22,653
solotravel,2022-11-23,635
solotravel,2022-11-24,468
solotravel,2022-11-25,745
solotravel,2022-11-26,461
solotravel,2022-11-27,545
solotravel,2022-11-28,545
solotravel,2022-11-29,727
solotravel,2022-11-30,1073
solotravel,2022-12-01,761
solotravel,2022-12-02,616
solotravel,2022-12-03,699
solotravel,2022-12-04,580
solotravel,2022-12-05,635
solotravel,2022-12-06,532
solotravel,2022-12-07,594
solotravel,2022-12-08,397
solotravel,2022-12-09,484
solotravel,2022-12-10,417
solotravel,2022-12-11,344
solotravel,2022-12-12,686
solotravel,2022-12-13,538
solotravel,2022-12-14,250
solotravel,2023-01-01,4
solotravel,2023-02-01,4
solotravel,2023-03-01,1
solotravel,2023-04-01,4
suggestmeabook,2022-11-01,2609
suggestmeabook,2022-11-02,2428
suggestmeabook,2022-11-03,2298
suggestmeabook,2022-11-04,2387
suggestmeabook,2022-11-05,3292
suggestmeabook,2022-11-06,2465
suggestmeabook,2022-11-07,3274
suggestmeabook,2022-11-08,3253
suggestmeabook,2022-11-09,2465
suggestmeabook,2022-11-10,2382
suggestmeabook,2022-11-11,1848
suggestmeabook,2022-11-12,2071
suggestmeabook,2022-11-13,2482
suggestmeabook,2022-11-14,2263
suggestmeabook,2022-11-15,2626
suggestmeabook,2022-11-16,2205
suggestmeabook,2022-11-17,2668
suggestmeabook,2022-11-18,2366
suggestmeabook,2022-11-19,2607
suggestmeabook,2022-11-20,2556
suggestmeabook,2022-11-21,2195
suggestmeabook,2022-11-22,2193
suggestmeabook,2022-11-23,2727
suggestmeabook,2022-11-24,2429
suggestmeabook,2022-11-25,1918
suggestmeabook,2022-11-26,2693
suggestmeabook,2022-11-27,2804
suggestmeabook,2022-11-28,2542
suggestmeabook,2022-11-29,3083
suggestmeabook,2022-11-30,1964
suggestmeabook,2022-12-01,2187
suggestmeabook,2022-12-02,1986
suggestmeabook,2022-12-03,2115
suggestmeabook,2022-12-04,2583
suggestmeabook,2022-12-05,2374
suggestmeabook,2022-12-06,2974
suggestmeabook,2022-12-07,2285
suggestmeabook,2022-12-08,2517
suggestmeabook,2022-12-09,2709
suggestmeabook,2022-12-10,2142
suggestmeabook,2022-12-11,2763
suggestmeabook,2022-12-12,2421
suggestmeabook,2022-12-13,2230
suggestmeabook,2022-12-14,1273
suggestmeabook,2023-01-01,50
suggestmeabook,2023-02-01,16
suggestmeabook,2023-03-01,9
suggestmeabook,2023-04-01,15
technews,2022-11-01,460
technews,2022-11-02,678
technews,2022-11-03,1109
technews,2022-11-04,393
technews,2022-11-05,135
technews,2022-11-06,840
technews,2022-11-07,469
technews,2022-11-08,509
technews,2022-11-09,348
technews,2022-11-10,100
technews,2022-11-11,330
technews,2022-11-12,281
technews,2022-11-13,245
technews,2022-11-14,120
technews,2022-11-15,187
technews,2022-11-16,250
technews,2022-11-17,84
technews,2022-11-18,184
technews,2022-11-19,444
technews,2022-11-20,274
technews,2022-11-21,141
technews,2022-11-22,666
technews,2022-11-23,202
technews,2022-11-24,452
technews,2022-11-25,421
technews,2022-11-26,163
technews,2022-11-27,95
technews,2022-11-28,714
technews,2022-11-29,965
technews,2022-11-30,610
technews,2022-12-01,488
technews,2022-12-02,493
technews,2022-12-03,207
technews,2022-12-04,523
technews,2022-12-05,493
technews,2022-12-06,388
technews,2022-12-07,592
technews,2022-12-08,1195
technews,2022-12-09,574
technews,2022-12-10,274
technews,2022-12-11,916
technews,2022-12-12,282
technews,2022-12-13,987
technews,2022-12-14,408
technews,2023-02-01,15
technews,2023-03-01,5
whatsthatbook,2022-11-01,256
whatsthatbook,2022-11-02,315
whatsthatbook,2022-11-03,264
whatsthatbook,2022-11-04,288
whatsthatbook,2022-11-05,265
whatsthatbook,2022-11-06,230
whatsthatbook,2022-11-07,248
whatsthatbook,2022-11-08,198
whatsthatbook,2022-11-09,262
whatsthatbook,2022-11-10,302
whatsthatbook,2022-11-11,320
whatsthatbook,2022-11-12,250
whatsthatbook,2022-11-13,299
whatsthatbook,2022-11-14,303
whatsthatbook,2022-11-15,384
whatsthatbook,2022-11-16,300
whatsthatbook,2022-11-17,261
whatsthatbook,2022-11-18,320
whatsthatbook,2022-11-19,246
whatsthatbook,2022-11-20,207
whatsthatbook,2022-11-21,285
whatsthatbook,2022-11-22,340
whatsthatbook,2022-11-23,222
whatsthatbook,2022-11-24,231
whatsthatbook,2022-11-25,289
whatsthatbook,2022-11-26,251
whatsthatbook,2022-11-27,278
whatsthatbook,2022-11-28,272
whatsthatbook,2022-11-29,261
whatsthatbook,2022-11-30,261
whatsthatbook,2022-12-01,288
whatsthatbook,2022-12-02,239
whatsthatbook,2022-12-03,452
whatsthatbook,2022-12-04,449
whatsthatbook,2022-12-05,304
whatsthatbook,2022-12-06,370
whatsthatbook,2022-12-07,206
whatsthatbook,2022-12-08,284
whatsthatbook,2022-12-09,313
whatsthatbook,2022-12-10,247
whatsthatbook,2022-12-11,270
whatsthatbook,2022-12-12,298
whatsthatbook,2022-12-13,299
whatsthatbook,2022-12-14,113
whatsthatbook,2023-01-01,7
whatsthatbook,2023-02-01,4
writingadvice,2022-11-01,105
writingadvice,2022-11-02,72
writingadvice,2022-11-03,92
writingadvice,2022-11-04,61
writingadvice,2022-11-05,76
writingadvice,2022-11-06,49
writingadvice,2022-11-07,63
writingadvice,2022-11-08,47
writingadvice,2022-11-09,34
writingadvice,2022-11-10,27
writingadvice,2022-11-11,43
writingadvice,2022-11-12,78
writingadvice,2022-11-13,69
writingadvice,2022-11-14,60
writingadvice,2022-11-15,83
writingadvice,2022-11-16,35
writingadvice,2022-11-17,55
writingadvice,2022-11-18,46
writingadvice,2022-11-19,28
writingadvice,2022-11-20,40
writingadvice,2022-11-21,51
writingadvice,2022-11-22,25
writingadvice,2022-11-23,75
writingadvice,2022-11-24,54
writingadvice,2022-11-25,59
writingadvice,2022-11-26,95
writingadvice,2022-11-27,87
writingadvice,2022-11-28,60
writingadvice,2022-11-29,32
writingadvice,2022-11-30,32
writingadvice,2022-12-01,36
writingadvice,2022-12-02,72
writingadvice,2022-12-03,50
writingadvice,2022-12-04,62
writingadvice,2022-12-05,52
writingadvice,2022-12-06,55
writingadvice,2022-12-07,58
writingadvice,2022-12-08,71
writingadvice,2022-12-09,39
writingadvice,2022-12-10,86
writingadvice,2022-12-11,41
writingadvice,2022-12-12,59
writingadvice,2022-12-13,74
writingadvice,2022-12-14,34
writingadvice,2023-01-01,5
writingadvice,2023-02-01,1
youtubers,2022-11-01,219
youtubers,2022-11-02,278
youtubers,2022-11-03,267
youtubers,2022-11-04,311
youtubers,2022-11-05,274
youtubers,2022-11-06,157
youtubers,2022-11-07,215
youtubers,2022-11-08,342
youtubers,2022-11-09,313
youtubers,2022-11-10,241
youtubers,2022-11-11,240
youtubers,2022-11-12,240
youtubers,2022-11-13,264
youtubers,2022-11-14,336
youtubers,2022-11-15,272
youtubers,2022-11-16,296
youtubers,2022-11-17,264
youtubers,2022-11-18,223
youtubers,2022-11-19,220
youtubers,2022-11-20,227
youtubers,2022-11-21,242
youtubers,2022-11-22,196
youtubers,2022-11-23,238
youtubers,2022-11-24,190
youtubers,2022-11-25,245
youtubers,2022-11-26,347
youtubers,2022-11-27,166
youtubers,2022-11-28,234
youtubers,2022-11-29,293
youtubers,2022-11-30,231
youtubers,2022-12-01,217
youtubers,2022-12-02,280
youtubers,2022-12-03,246
youtubers,2022-12-04,248
youtubers,2022-12-05,395
youtubers,2022-12-06,310
youtubers,2022-12-07,319
youtubers,2022-12-08,380
youtubers,2022-12-09,360
youtubers,2022-12-10,277
youtubers,2022-12-11,212
youtubers,2022-12-12,249
youtubers,2022-12-13,258
youtubers,2022-12-14,92
youtubers,2023-01-01,5
youtubers,2023-02-01,2
youtubers,2023-03-01,3
