subreddit,date_utc,word,word_group,hits,rate_100w,n_words,date,event_time_t
ALL,2022-11-01,extended_combined,extended_combined,1,0.012205541315757355,8193,2022-11-01,-29
ALL,2022-11-01,strict_10_combined,strict_combined,0,0.0,8193,2022-11-01,-29
ALL,2022-11-01,captivate,strict_individual,0,0.0,8193,2022-11-01,-29
ALL,2022-11-01,delve,strict_individual,0,0.0,8193,2022-11-01,-29
ALL,2022-11-01,dynamic,strict_individual,0,0.0,8193,2022-11-01,-29
ALL,2022-11-01,elevate,strict_individual,0,0.0,8193,2022-11-01,-29
ALL,2022-11-01,embrace,strict_individual,0,0.0,8193,2022-11-01,-29
ALL,2022-11-01,explore,strict_individual,0,0.0,8193,2022-11-01,-29
ALL,2022-11-01,leverage,strict_individual,0,0.0,8193,2022-11-01,-29
ALL,2022-11-01,resonate,strict_individual,0,0.0,8193,2022-11-01,-29
ALL,2022-11-01,tapestry,strict_individual,0,0.0,8193,2022-11-01,-29
ALL,2022-11-01,testament,strict_individual,0,0.0,8193,2022-11-01,-29
ALL,2022-11-02,extended_combined,extended_combined,2,0.02208968411751712,9054,2022-11-02,-28
ALL,2022-11-02,strict_10_combined,strict_combined,1,0.01104484205875856,9054,2022-11-02,-28
ALL,2022-11-02,captivate,strict_individual,0,0.0,9054,2022-11-02,-28
ALL,2022-11-02,delve,strict_individual,0,0.0,9054,2022-11-02,-28
ALL,2022-11-02,dynamic,strict_individual,0,0.0,9054,2022-11-02,-28
ALL,2022-11-02,elevate,strict_individual,0,0.0,9054,2022-11-02,-28
ALL,2022-11-02,embrace,strict_individual,0,0.0,9054,2022-11-02,-28
ALL,2022-11-02,explore,strict_individual,1,0.01104484205875856,9054,2022-11-02,-28
ALL,2022-11-02,leverage,strict_individual,0,0.0,9054,2022-11-02,-28
ALL,2022-11-02,resonate,strict_individual,0,0.0,9054,2022-11-02,-28
ALL,2022-11-02,tapestry,strict_individual,0,0.0,9054,2022-11-02,-28
ALL,2022-11-02,testament,strict_individual,0,0.0,9054,2022-11-02,-28
ALL,2022-11-03,extended_combined,extended_combined,2,0.025697031992804834,7783,2022-11-03,-27
ALL,2022-11-03,strict_10_combined,strict_combined,0,0.0,7783,2022-11-03,-27
ALL,2022-11-03,captivate,strict_individual,0,0.0,7783,2022-11-03,-27
ALL,2022-11-03,delve,strict_individual,0,0.0,7783,2022-11-03,-27
ALL,2022-11-03,dynamic,strict_individual,0,0.0,7783,2022-11-03,-27
ALL,2022-11-03,elevate,strict_individual,0,0.0,7783,2022-11-03,-27
ALL,2022-11-03,embrace,strict_individual,0,0.0,7783,2022-11-03,-27
ALL,2022-11-03,explore,strict_individual,0,0.0,7783,2022-11-03,-27
ALL,2022-11-03,leverage,strict_individual,0,0.0,7783,2022-11-03,-27
ALL,2022-11-03,resonate,strict_individual,0,0.0,7783,2022-11-03,-27
ALL,2022-11-03,tapestry,strict_individual,0,0.0,7783,2022-11-03,-27
ALL,2022-11-03,testament,strict_individual,0,0.0,7783,2022-11-03,-27
ALL,2022-11-04,extended_combined,extended_combined,1,0.012687135244861711,7882,2022-11-04,-26
ALL,2022-11-04,strict_10_combined,strict_combined,1,0.012687135244861711,7882,2022-11-04,-26
ALL,2022-11-04,captivate,strict_individual,0,0.0,7882,2022-11-04,-26
ALL,2022-11-04,delve,strict_individual,0,0.0,7882,2022-11-04,-26
ALL,2022-11-04,dynamic,strict_individual,1,0.012687135244861711,7882,2022-11-04,-26
ALL,2022-11-04,elevate,strict_individual,0,0.0,7882,2022-11-04,-26
ALL,2022-11-04,embrace,strict_individual,0,0.0,7882,2022-11-04,-26
ALL,2022-11-04,explore,strict_individual,0,0.0,7882,2022-11-04,-26
ALL,2022-11-04,leverage,strict_individual,0,0.0,7882,2022-11-04,-26
ALL,2022-11-04,resonate,strict_individual,0,0.0,7882,2022-11-04,-26
ALL,2022-11-04,tapestry,strict_individual,0,0.0,7882,2022-11-04,-26
ALL,2022-11-04,testament,strict_individual,0,0.0,7882,2022-11-04,-26
ALL,2022-11-05,extended_combined,extended_combined,1,0.016318537859007835,6128,2022-11-05,-25
ALL,2022-11-05,strict_10_combined,strict_combined,0,0.0,6128,2022-11-05,-25
ALL,2022-11-05,captivate,strict_individual,0,0.0,6128,2022-11-05,-25
ALL,2022-11-05,delve,strict_individual,0,0.0,6128,2022-11-05,-25
ALL,2022-11-05,dynamic,strict_individual,0,0.0,6128,2022-11-05,-25
ALL,2022-11-05,elevate,strict_individual,0,0.0,6128,2022-11-05,-25
ALL,2022-11-05,embrace,strict_individual,0,0.0,6128,2022-11-05,-25
ALL,2022-11-05,explore,strict_individual,0,0.0,6128,2022-11-05,-25
ALL,2022-11-05,leverage,strict_individual,0,0.0,6128,2022-11-05,-25
ALL,2022-11-05,resonate,strict_individual,0,0.0,6128,2022-11-05,-25
ALL,2022-11-05,tapestry,strict_individual,0,0.0,6128,2022-11-05,-25
ALL,2022-11-05,testament,strict_individual,0,0.0,6128,2022-11-05,-25
ALL,2022-12-01,extended_combined,extended_combined,2,0.021623959346956427,9249,2022-12-01,1
ALL,2022-12-01,strict_10_combined,strict_combined,1,0.010811979673478214,9249,2022-12-01,1
ALL,2022-12-01,captivate,strict_individual,0,0.0,9249,2022-12-01,1
ALL,2022-12-01,delve,strict_individual,0,0.0,9249,2022-12-01,1
ALL,2022-12-01,dynamic,strict_individual,0,0.0,9249,2022-12-01,1
ALL,2022-12-01,elevate,strict_individual,0,0.0,9249,2022-12-01,1
ALL,2022-12-01,embrace,strict_individual,0,0.0,9249,2022-12-01,1
ALL,2022-12-01,explore,strict_individual,1,0.010811979673478214,9249,2022-12-01,1
ALL,2022-12-01,leverage,strict_individual,0,0.0,9249,2022-12-01,1
ALL,2022-12-01,resonate,strict_individual,0,0.0,9249,2022-12-01,1
ALL,2022-12-01,tapestry,strict_individual,0,0.0,9249,2022-12-01,1
ALL,2022-12-01,testament,strict_individual,0,0.0,9249,2022-12-01,1
ALL,2022-12-02,extended_combined,extended_combined,3,0.027063599458728015,11085,2022-12-02,2
ALL,2022-12-02,strict_10_combined,strict_combined,1,0.009021199819576003,11085,2022-12-02,2
ALL,2022-12-02,captivate,strict_individual,0,0.0,11085,2022-12-02,2
ALL,2022-12-02,delve,strict_individual,0,0.0,11085,2022-12-02,2
ALL,2022-12-02,dynamic,strict_individual,1,0.009021199819576003,11085,2022-12-02,2
ALL,2022-12-02,elevate,strict_individual,0,0.0,11085,2022-12-02,2
ALL,2022-12-02,embrace,strict_individual,0,0.0,11085,2022-12-02,2
ALL,2022-12-02,explore,strict_individual,0,0.0,11085,2022-12-02,2
ALL,2022-12-02,leverage,strict_individual,0,0.0,11085,2022-12-02,2
ALL,2022-12-02,resonate,strict_individual,0,0.0,11085,2022-12-02,2
ALL,2022-12-02,tapestry,strict_individual,0,0.0,11085,2022-12-02,2
ALL,2022-12-02,testament,strict_individual,0,0.0,11085,2022-12-02,2
ALL,2022-12-03,extended_combined,extended_combined,0,0.0,7783,2022-12-03,3
ALL,2022-12-03,strict_10_combined,strict_combined,3,0.03854554798920724,7783,2022-12-03,3
ALL,2022-12-03,captivate,strict_individual,0,0.0,7783,2022-12-03,3
ALL,2022-12-03,delve,strict_individual,0,0.0,7783,2022-12-03,3
ALL,2022-12-03,dynamic,strict_individual,1,0.012848515996402417,7783,2022-12-03,3
ALL,2022-12-03,elevate,strict_individual,0,0.0,7783,2022-12-03,3
ALL,2022-12-03,embrace,strict_individual,0,0.0,7783,2022-12-03,3
ALL,2022-12-03,explore,strict_individual,0,0.0,7783,2022-12-03,3
ALL,2022-12-03,leverage,strict_individual,2,0.025697031992804834,7783,2022-12-03,3
ALL,2022-12-03,resonate,strict_individual,0,0.0,7783,2022-12-03,3
ALL,2022-12-03,tapestry,strict_individual,0,0.0,7783,2022-12-03,3
ALL,2022-12-03,testament,strict_individual,0,0.0,7783,2022-12-03,3
ALL,2022-12-04,extended_combined,extended_combined,1,0.01414227124876255,7071,2022-12-04,4
ALL,2022-12-04,strict_10_combined,strict_combined,3,0.04242681374628765,7071,2022-12-04,4
ALL,2022-12-04,captivate,strict_individual,0,0.0,7071,2022-12-04,4
ALL,2022-12-04,delve,strict_individual,0,0.0,7071,2022-12-04,4
ALL,2022-12-04,dynamic,strict_individual,1,0.01414227124876255,7071,2022-12-04,4
ALL,2022-12-04,elevate,strict_individual,0,0.0,7071,2022-12-04,4
ALL,2022-12-04,embrace,strict_individual,0,0.0,7071,2022-12-04,4
ALL,2022-12-04,explore,strict_individual,0,0.0,7071,2022-12-04,4
ALL,2022-12-04,leverage,strict_individual,2,0.0282845424975251,7071,2022-12-04,4
ALL,2022-12-04,resonate,strict_individual,0,0.0,7071,2022-12-04,4
ALL,2022-12-04,tapestry,strict_individual,0,0.0,7071,2022-12-04,4
ALL,2022-12-04,testament,strict_individual,0,0.0,7071,2022-12-04,4
ALL,2022-12-05,extended_combined,extended_combined,4,0.030895188074457403,12947,2022-12-05,5
ALL,2022-12-05,strict_10_combined,strict_combined,0,0.0,12947,2022-12-05,5
ALL,2022-12-05,captivate,strict_individual,0,0.0,12947,2022-12-05,5
ALL,2022-12-05,delve,strict_individual,0,0.0,12947,2022-12-05,5
ALL,2022-12-05,dynamic,strict_individual,0,0.0,12947,2022-12-05,5
ALL,2022-12-05,elevate,strict_individual,0,0.0,12947,2022-12-05,5
ALL,2022-12-05,embrace,strict_individual,0,0.0,12947,2022-12-05,5
ALL,2022-12-05,explore,strict_individual,0,0.0,12947,2022-12-05,5
ALL,2022-12-05,leverage,strict_individual,0,0.0,12947,2022-12-05,5
ALL,2022-12-05,resonate,strict_individual,0,0.0,12947,2022-12-05,5
ALL,2022-12-05,tapestry,strict_individual,0,0.0,12947,2022-12-05,5
ALL,2022-12-05,testament,strict_individual,0,0.0,12947,2022-12-05,5
AskProgramming,2022-11-01,extended_combined,extended_combined,1,0.012205541315757355,8193,2022-11-01,-29
AskProgramming,2022-11-01,strict_10_combined,strict_combined,0,0.0,8193,2022-11-01,-29
AskProgramming,2022-11-01,captivate,strict_individual,0,0.0,8193,2022-11-01,-29
AskProgramming,2022-11-01,delve,strict_individual,0,0.0,8193,2022-11-01,-29
AskProgramming,2022-11-01,dynamic,strict_individual,0,0.0,8193,2022-11-01,-29
AskProgramming,2022-11-01,elevate,strict_individual,0,0.0,8193,2022-11-01,-29
AskProgramming,2022-11-01,embrace,strict_individual,0,0.0,8193,2022-11-01,-29
AskProgramming,2022-11-01,explore,strict_individual,0,0.0,8193,2022-11-01,-29
AskProgramming,2022-11-01,leverage,strict_individual,0,0.0,8193,2022-11-01,-29
AskProgramming,2022-11-01,resonate,strict_individual,0,0.0,8193,2022-11-01,-29
AskProgramming,2022-11-01,tapestry,strict_individual,0,0.0,8193,2022-11-01,-29
AskProgramming,2022-11-01,testament,strict_individual,0,0.0,8193,2022-11-01,-29
AskProgramming,2022-11-02,extended_combined,extended_combined,2,0.02208968411751712,9054,2022-11-02,-28
AskProgramming,2022-11-02,strict_10_combined,strict_combined,1,0.01104484205875856,9054,2022-11-02,-28
AskProgramming,2022-11-02,captivate,strict_individual,0,0.0,9054,2022-11-02,-28
AskProgramming,2022-11-02,delve,strict_individual,0,0.0,9054,2022-11-02,-28
AskProgramming,2022-11-02,dynamic,strict_individual,0,0.0,9054,2022-11-02,-28
AskProgramming,2022-11-02,elevate,strict_individual,0,0.0,9054,2022-11-02,-28
AskProgramming,2022-11-02,embrace,strict_individual,0,0.0,9054,2022-11-02,-28
AskProgramming,2022-11-02,explore,strict_individual,1,0.01104484205875856,9054,2022-11-02,-28
AskProgramming,2022-11-02,leverage,strict_individual,0,0.0,9054,2022-11-02,-28
AskProgramming,2022-11-02,resonate,strict_individual,0,0.0,9054,2022-11-02,-28
AskProgramming,2022-11-02,tapestry,strict_individual,0,0.0,9054,2022-11-02,-28
AskProgramming,2022-11-02,testament,strict_individual,0,0.0,9054,2022-11-02,-28
AskProgramming,2022-11-03,extended_combined,extended_combined,2,0.025697031992804834,7783,2022-11-03,-27
AskProgramming,2022-11-03,strict_10_combined,strict_combined,0,0.0,7783,2022-11-03,-27
AskProgramming,2022-11-03,captivate,strict_individual,0,0.0,7783,2022-11-03,-27
AskProgramming,2022-11-03,delve,strict_individual,0,0.0,7783,2022-11-03,-27
AskProgramming,2022-11-03,dynamic,strict_individual,0,0.0,7783,2022-11-03,-27
AskProgramming,2022-11-03,elevate,strict_individual,0,0.0,7783,2022-11-03,-27
AskProgramming,2022-11-03,embrace,strict_individual,0,0.0,7783,2022-11-03,-27
AskProgramming,2022-11-03,explore,strict_individual,0,0.0,7783,2022-11-03,-27
AskProgramming,2022-11-03,leverage,strict_individual,0,0.0,7783,2022-11-03,-27
AskProgramming,2022-11-03,resonate,strict_individual,0,0.0,7783,2022-11-03,-27
AskProgramming,2022-11-03,tapestry,strict_individual,0,0.0,7783,2022-11-03,-27
AskProgramming,2022-11-03,testament,strict_individual,0,0.0,7783,2022-11-03,-27
AskProgramming,2022-11-04,extended_combined,extended_combined,1,0.012687135244861711,7882,2022-11-04,-26
AskProgramming,2022-11-04,strict_10_combined,strict_combined,1,0.012687135244861711,7882,2022-11-04,-26
AskProgramming,2022-11-04,captivate,strict_individual,0,0.0,7882,2022-11-04,-26
AskProgramming,2022-11-04,delve,strict_individual,0,0.0,7882,2022-11-04,-26
AskProgramming,2022-11-04,dynamic,strict_individual,1,0.012687135244861711,7882,2022-11-04,-26
AskProgramming,2022-11-04,elevate,strict_individual,0,0.0,7882,2022-11-04,-26
AskProgramming,2022-11-04,embrace,strict_individual,0,0.0,7882,2022-11-04,-26
AskProgramming,2022-11-04,explore,strict_individual,0,0.0,7882,2022-11-04,-26
AskProgramming,2022-11-04,leverage,strict_individual,0,0.0,7882,2022-11-04,-26
AskProgramming,2022-11-04,resonate,strict_individual,0,0.0,7882,2022-11-04,-26
AskProgramming,2022-11-04,tapestry,strict_individual,0,0.0,7882,2022-11-04,-26
AskProgramming,2022-11-04,testament,strict_individual,0,0.0,7882,2022-11-04,-26
AskProgramming,2022-11-05,extended_combined,extended_combined,1,0.016318537859007835,6128,2022-11-05,-25
AskProgramming,2022-11-05,strict_10_combined,strict_combined,0,0.0,6128,2022-11-05,-25
AskProgramming,2022-11-05,captivate,strict_individual,0,0.0,6128,2022-11-05,-25
AskProgramming,2022-11-05,delve,strict_individual,0,0.0,6128,2022-11-05,-25
AskProgramming,2022-11-05,dynamic,strict_individual,0,0.0,6128,2022-11-05,-25
AskProgramming,2022-11-05,elevate,strict_individual,0,0.0,6128,2022-11-05,-25
AskProgramming,2022-11-05,embrace,strict_individual,0,0.0,6128,2022-11-05,-25
AskProgramming,2022-11-05,explore,strict_individual,0,0.0,6128,2022-11-05,-25
AskProgramming,2022-11-05,leverage,strict_individual,0,0.0,6128,2022-11-05,-25
AskProgramming,2022-11-05,resonate,strict_individual,0,0.0,6128,2022-11-05,-25
AskProgramming,2022-11-05,tapestry,strict_individual,0,0.0,6128,2022-11-05,-25
AskProgramming,2022-11-05,testament,strict_individual,0,0.0,6128,2022-11-05,-25
AskProgramming,2022-12-01,extended_combined,extended_combined,2,0.021623959346956427,9249,2022-12-01,1
AskProgramming,2022-12-01,strict_10_combined,strict_combined,1,0.010811979673478214,9249,2022-12-01,1
AskProgramming,2022-12-01,captivate,strict_individual,0,0.0,9249,2022-12-01,1
AskProgramming,2022-12-01,delve,strict_individual,0,0.0,9249,2022-12-01,1
AskProgramming,2022-12-01,dynamic,strict_individual,0,0.0,9249,2022-12-01,1
AskProgramming,2022-12-01,elevate,strict_individual,0,0.0,9249,2022-12-01,1
AskProgramming,2022-12-01,embrace,strict_individual,0,0.0,9249,2022-12-01,1
AskProgramming,2022-12-01,explore,strict_individual,1,0.010811979673478214,9249,2022-12-01,1
AskProgramming,2022-12-01,leverage,strict_individual,0,0.0,9249,2022-12-01,1
AskProgramming,2022-12-01,resonate,strict_individual,0,0.0,9249,2022-12-01,1
AskProgramming,2022-12-01,tapestry,strict_individual,0,0.0,9249,2022-12-01,1
AskProgramming,2022-12-01,testament,strict_individual,0,0.0,9249,2022-12-01,1
AskProgramming,2022-12-02,extended_combined,extended_combined,3,0.027063599458728015,11085,2022-12-02,2
AskProgramming,2022-12-02,strict_10_combined,strict_combined,1,0.009021199819576003,11085,2022-12-02,2
AskProgramming,2022-12-02,captivate,strict_individual,0,0.0,11085,2022-12-02,2
AskProgramming,2022-12-02,delve,strict_individual,0,0.0,11085,2022-12-02,2
AskProgramming,2022-12-02,dynamic,strict_individual,1,0.009021199819576003,11085,2022-12-02,2
AskProgramming,2022-12-02,elevate,strict_individual,0,0.0,11085,2022-12-02,2
AskProgramming,2022-12-02,embrace,strict_individual,0,0.0,11085,2022-12-02,2
AskProgramming,2022-12-02,explore,strict_individual,0,0.0,11085,2022-12-02,2
AskProgramming,2022-12-02,leverage,strict_individual,0,0.0,11085,2022-12-02,2
AskProgramming,2022-12-02,resonate,strict_individual,0,0.0,11085,2022-12-02,2
AskProgramming,2022-12-02,tapestry,strict_individual,0,0.0,11085,2022-12-02,2
AskProgramming,2022-12-02,testament,strict_individual,0,0.0,11085,2022-12-02,2
AskProgramming,2022-12-03,extended_combined,extended_combined,0,0.0,7783,2022-12-03,3
AskProgramming,2022-12-03,strict_10_combined,strict_combined,3,0.03854554798920724,7783,2022-12-03,3
AskProgramming,2022-12-03,captivate,strict_individual,0,0.0,7783,2022-12-03,3
AskProgramming,2022-12-03,delve,strict_individual,0,0.0,7783,2022-12-03,3
AskProgramming,2022-12-03,dynamic,strict_individual,1,0.012848515996402417,7783,2022-12-03,3
AskProgramming,2022-12-03,elevate,strict_individual,0,0.0,7783,2022-12-03,3
AskProgramming,2022-12-03,embrace,strict_individual,0,0.0,7783,2022-12-03,3
AskProgramming,2022-12-03,explore,strict_individual,0,0.0,7783,2022-12-03,3
AskProgramming,2022-12-03,leverage,strict_individual,2,0.025697031992804834,7783,2022-12-03,3
AskProgramming,2022-12-03,resonate,strict_individual,0,0.0,7783,2022-12-03,3
AskProgramming,2022-12-03,tapestry,strict_individual,0,0.0,7783,2022-12-03,3
AskProgramming,2022-12-03,testament,strict_individual,0,0.0,7783,2022-12-03,3
AskProgramming,2022-12-04,extended_combined,extended_combined,1,0.01414227124876255,7071,2022-12-04,4
AskProgramming,2022-12-04,strict_10_combined,strict_combined,3,0.04242681374628765,7071,2022-12-04,4
AskProgramming,2022-12-04,captivate,strict_individual,0,0.0,7071,2022-12-04,4
AskProgramming,2022-12-04,delve,strict_individual,0,0.0,7071,2022-12-04,4
AskProgramming,2022-12-04,dynamic,strict_individual,1,0.01414227124876255,7071,2022-12-04,4
AskProgramming,2022-12-04,elevate,strict_individual,0,0.0,7071,2022-12-04,4
AskProgramming,2022-12-04,embrace,strict_individual,0,0.0,7071,2022-12-04,4
AskProgramming,2022-12-04,explore,strict_individual,0,0.0,7071,2022-12-04,4
AskProgramming,2022-12-04,leverage,strict_individual,2,0.0282845424975251,7071,2022-12-04,4
AskProgramming,2022-12-04,resonate,strict_individual,0,0.0,7071,2022-12-04,4
AskProgramming,2022-12-04,tapestry,strict_individual,0,0.0,7071,2022-12-04,4
AskProgramming,2022-12-04,testament,strict_individual,0,0.0,7071,2022-12-04,4
AskProgramming,2022-12-05,extended_combined,extended_combined,4,0.030895188074457403,12947,2022-12-05,5
AskProgramming,2022-12-05,strict_10_combined,strict_combined,0,0.0,12947,2022-12-05,5
AskProgramming,2022-12-05,captivate,strict_individual,0,0.0,12947,2022-12-05,5
AskProgramming,2022-12-05,delve,strict_individual,0,0.0,12947,2022-12-05,5
AskProgramming,2022-12-05,dynamic,strict_individual,0,0.0,12947,2022-12-05,5
AskProgramming,2022-12-05,elevate,strict_individual,0,0.0,12947,2022-12-05,5
AskProgramming,2022-12-05,embrace,strict_individual,0,0.0,12947,2022-12-05,5
AskProgramming,2022-12-05,explore,strict_individual,0,0.0,12947,2022-12-05,5
AskProgramming,2022-12-05,leverage,strict_individual,0,0.0,12947,2022-12-05,5
AskProgramming,2022-12-05,resonate,strict_individual,0,0.0,12947,2022-12-05,5
AskProgramming,2022-12-05,tapestry,strict_individual,0,0.0,12947,2022-12-05,5
AskProgramming,2022-12-05,testament,strict_individual,0,0.0,12947,2022-12-05,5
