subreddit,date_utc,rows_input,rows_kept,rows_dropped_any,drop_body_removed,drop_body_deleted,drop_author_automoderator,drop_stickied_true,drop_distinguished_moderator,drop_overlap_automod_and_distinguished,invalid_json_rows,row_balance_ok
Ask_Politics,2022-11-16,50,37,13,5,0,8,8,8,8,0,True
Ask_Politics,2022-11-17,8,8,0,0,0,0,0,0,0,0,True
Ask_Politics,2022-11-18,17,10,7,1,3,3,3,3,3,0,True
Ask_Politics,2022-11-19,5,4,1,0,0,1,1,1,1,0,True
Ask_Politics,2022-11-20,10,6,4,1,0,3,3,3,3,0,True
Ask_Politics,2022-11-21,16,10,6,1,1,4,4,4,4,0,True
Ask_Politics,2022-11-22,7,6,1,1,0,0,0,0,0,0,True
Ask_Politics,2022-11-23,10,8,2,0,0,2,2,2,2,0,True
Ask_Politics,2022-11-24,10,4,6,1,1,4,4,4,4,0,True
Ask_Politics,2022-11-25,16,13,3,1,0,2,2,2,2,0,True
Ask_Politics,2022-11-26,4,2,2,1,0,1,1,1,1,0,True
Ask_Politics,2022-11-27,22,15,7,4,2,1,1,1,1,0,True
Ask_Politics,2022-11-28,8,6,2,0,0,2,2,2,2,0,True
Ask_Politics,2022-11-29,20,13,7,1,2,4,4,4,4,0,True
Ask_Politics,2022-11-30,18,14,4,1,0,3,3,3,3,0,True
Ask_Politics,2022-12-01,5,5,0,0,0,0,0,0,0,0,True
Ask_Politics,2022-12-02,10,6,4,0,0,4,4,4,4,0,True
Ask_Politics,2022-12-03,11,8,3,0,0,3,3,3,3,0,True
Ask_Politics,2022-12-04,22,18,4,0,1,3,3,3,3,0,True
Ask_Politics,2022-12-05,42,38,4,0,0,4,4,4,4,0,True
Ask_Politics,2022-12-06,22,16,6,2,0,4,4,4,4,0,True
Ask_Politics,2022-12-07,11,5,6,1,0,4,4,5,4,0,True
Ask_Politics,2022-12-08,25,15,10,1,0,9,9,9,9,0,True
Ask_Politics,2022-12-09,9,4,5,2,0,3,3,3,3,0,True
Ask_Politics,2022-12-10,3,1,2,1,0,1,1,1,1,0,True
Ask_Politics,2022-12-11,7,3,4,1,0,3,3,3,3,0,True
Ask_Politics,2022-12-12,10,7,3,0,1,2,2,2,2,0,True
Ask_Politics,2022-12-13,23,16,7,0,0,7,7,7,7,0,True
Ask_Politics,2022-12-14,33,28,5,2,0,3,3,3,3,0,True
NeutralPolitics,2022-11-16,35,14,21,10,1,4,4,10,4,0,True
NeutralPolitics,2022-11-17,21,7,14,6,2,2,0,6,2,0,True
NeutralPolitics,2022-11-19,4,1,3,1,0,1,1,2,1,0,True
NeutralPolitics,2022-11-20,1,1,0,0,0,0,0,0,0,0,True
NeutralPolitics,2022-11-21,6,2,4,2,0,0,2,2,0,0,True
NeutralPolitics,2022-11-22,1,1,0,0,0,0,0,0,0,0,True
NeutralPolitics,2022-11-23,2,0,2,1,0,0,1,1,0,0,True
NeutralPolitics,2022-11-25,2,0,2,1,0,0,1,1,0,0,True
NeutralPolitics,2022-11-26,2,0,2,1,0,0,1,1,0,0,True
NeutralPolitics,2022-11-27,6,2,4,1,0,0,1,3,0,0,True
NeutralPolitics,2022-11-29,115,66,49,18,11,2,2,20,2,0,True
NeutralPolitics,2022-11-30,21,12,9,6,1,0,2,2,0,0,True
NeutralPolitics,2022-12-01,4,4,0,0,0,0,0,0,0,0,True
NeutralPolitics,2022-12-02,31,15,16,6,1,1,2,9,1,0,True
NeutralPolitics,2022-12-03,13,5,8,3,0,1,2,5,1,0,True
NeutralPolitics,2022-12-04,2,0,2,1,0,1,0,1,1,0,True
NeutralPolitics,2022-12-05,2,0,2,1,0,0,1,1,0,0,True
NeutralPolitics,2022-12-06,3,1,2,1,0,0,1,1,0,0,True
NeutralPolitics,2022-12-07,2,0,2,1,0,0,1,1,0,0,True
NeutralPolitics,2022-12-08,37,20,17,10,0,0,3,7,0,0,True
NeutralPolitics,2022-12-09,20,16,4,2,1,0,1,1,0,0,True
NeutralPolitics,2022-12-10,5,0,5,4,0,1,0,1,1,0,True
NeutralPolitics,2022-12-11,21,7,14,4,0,0,5,10,0,0,True
NeutralPolitics,2022-12-12,16,11,5,4,0,0,0,1,0,0,True
NeutralPolitics,2022-12-13,5,1,4,1,0,1,1,3,1,0,True
PoliticalDiscussion,2022-11-16,1829,1509,320,205,39,55,33,76,55,0,True
PoliticalDiscussion,2022-11-17,2714,2280,434,265,54,39,70,115,39,0,True
PoliticalDiscussion,2022-11-18,1392,1194,198,151,17,30,5,30,30,0,True
PoliticalDiscussion,2022-11-19,869,694,175,95,14,35,32,66,35,0,True
PoliticalDiscussion,2022-11-20,1025,816,209,136,34,28,14,39,28,0,True
PoliticalDiscussion,2022-11-21,648,519,129,81,8,29,9,40,29,0,True
PoliticalDiscussion,2022-11-22,1143,988,155,106,14,35,5,35,35,0,True
PoliticalDiscussion,2022-11-23,848,703,145,95,16,21,20,34,21,0,True
PoliticalDiscussion,2022-11-24,623,501,122,70,20,28,6,32,28,0,True
PoliticalDiscussion,2022-11-25,377,310,67,32,11,24,5,24,24,0,True
PoliticalDiscussion,2022-11-26,349,288,61,29,5,25,8,27,25,0,True
PoliticalDiscussion,2022-11-27,444,385,59,27,7,25,5,25,25,0,True
PoliticalDiscussion,2022-11-28,541,383,158,50,11,28,60,97,28,0,True
PoliticalDiscussion,2022-11-29,1291,1095,196,107,36,49,16,53,49,0,True
PoliticalDiscussion,2022-11-30,1421,1202,219,149,32,25,20,38,25,0,True
PoliticalDiscussion,2022-12-01,1101,966,135,89,27,18,2,19,18,0,True
PoliticalDiscussion,2022-12-02,1190,976,214,135,41,38,6,38,38,0,True
PoliticalDiscussion,2022-12-03,780,586,194,91,15,31,56,88,31,0,True
PoliticalDiscussion,2022-12-04,615,494,121,57,10,37,9,54,37,0,True
PoliticalDiscussion,2022-12-05,603,473,130,83,11,22,14,36,22,0,True
PoliticalDiscussion,2022-12-06,651,523,128,89,15,24,2,24,24,0,True
PoliticalDiscussion,2022-12-07,961,751,210,129,24,38,29,57,38,0,True
PoliticalDiscussion,2022-12-08,1170,951,219,149,12,42,24,58,42,0,True
PoliticalDiscussion,2022-12-09,979,772,207,118,22,49,25,67,49,0,True
PoliticalDiscussion,2022-12-10,556,441,115,66,17,22,14,32,22,0,True
PoliticalDiscussion,2022-12-11,395,320,75,37,9,21,12,29,21,0,True
PoliticalDiscussion,2022-12-12,750,576,174,81,8,30,18,85,30,0,True
PoliticalDiscussion,2022-12-13,520,391,129,75,14,29,15,40,29,0,True
PoliticalDiscussion,2022-12-14,681,544,137,72,27,26,17,38,26,0,True
moderatepolitics,2022-11-16,2116,1887,229,107,98,0,0,24,0,0,True
moderatepolitics,2022-11-17,1635,1437,198,64,123,0,0,11,0,0,True
moderatepolitics,2022-11-18,1998,1663,335,152,140,0,1,43,0,0,True
moderatepolitics,2022-11-19,754,650,104,50,39,0,0,15,0,0,True
moderatepolitics,2022-11-20,1100,883,217,80,103,1,1,34,1,0,True
moderatepolitics,2022-11-21,2196,1915,281,134,106,1,1,41,1,0,True
moderatepolitics,2022-11-22,1450,1252,198,86,87,0,1,25,0,0,True
moderatepolitics,2022-11-23,2909,2494,415,184,170,0,4,61,0,0,True
moderatepolitics,2022-11-24,590,491,99,57,18,0,0,24,0,0,True
moderatepolitics,2022-11-25,1288,1103,185,86,84,0,1,15,0,0,True
moderatepolitics,2022-11-26,599,491,108,48,39,0,0,21,0,0,True
moderatepolitics,2022-11-27,630,501,129,68,37,0,1,24,0,0,True
moderatepolitics,2022-11-28,854,677,177,79,53,0,2,45,0,0,True
moderatepolitics,2022-11-29,1567,1273,294,81,193,0,0,20,0,0,True
moderatepolitics,2022-11-30,1509,1331,178,96,49,0,4,33,0,0,True
moderatepolitics,2022-12-01,1671,1484,187,80,78,0,2,29,0,0,True
moderatepolitics,2022-12-02,1500,1352,148,66,63,0,1,19,0,0,True
moderatepolitics,2022-12-03,1871,1624,247,100,114,0,1,33,0,0,True
moderatepolitics,2022-12-04,1562,1308,254,119,89,0,4,46,0,0,True
moderatepolitics,2022-12-05,2921,2523,398,140,219,0,3,39,0,0,True
moderatepolitics,2022-12-06,1319,1072,247,101,88,0,0,58,0,0,True
moderatepolitics,2022-12-07,1188,1011,177,93,56,0,2,28,0,0,True
moderatepolitics,2022-12-08,1550,1371,179,86,87,0,1,6,0,0,True
moderatepolitics,2022-12-09,2149,1815,334,134,161,1,4,39,1,0,True
moderatepolitics,2022-12-10,927,744,183,93,31,0,0,59,0,0,True
moderatepolitics,2022-12-11,1032,903,129,45,72,0,0,12,0,0,True
moderatepolitics,2022-12-12,1732,1485,247,111,85,0,4,51,0,0,True
moderatepolitics,2022-12-13,1599,1419,180,67,83,3,4,30,3,0,True
moderatepolitics,2022-12-14,1854,1578,276,112,104,9,9,60,9,0,True
politics,2022-11-16,55120,48168,6952,4069,2132,522,402,751,522,0,True
politics,2022-11-17,48060,42406,5654,3320,1882,372,300,452,372,0,True
politics,2022-11-18,37021,32204,4817,3063,1322,347,268,432,347,0,True
politics,2022-11-19,26435,22814,3621,2413,930,237,167,278,237,0,True
politics,2022-11-20,27277,22994,4283,2864,1004,269,206,415,269,0,True
politics,2022-11-21,31583,26793,4790,3344,1121,274,204,325,274,0,True
politics,2022-11-22,27015,23261,3754,2503,924,274,218,327,274,0,True
politics,2022-11-23,27344,23590,3754,2424,979,284,225,351,284,0,True
politics,2022-11-24,20571,17775,2796,1864,703,186,145,229,186,0,True
politics,2022-11-25,29041,25322,3719,2516,1018,150,113,185,150,0,True
politics,2022-11-26,23379,20244,3135,2101,868,136,107,166,136,0,True
politics,2022-11-27,19489,16775,2714,1781,728,149,113,205,149,0,True
politics,2022-11-28,21893,18900,2993,1964,761,225,183,268,225,0,True
politics,2022-11-29,26389,23026,3363,2054,908,336,277,401,336,0,True
politics,2022-11-30,30990,27033,3957,2393,1134,336,261,430,336,0,True
politics,2022-12-01,26135,22873,3262,2039,834,313,259,389,313,0,True
politics,2022-12-02,26653,23275,3378,2034,997,292,229,347,292,0,True
politics,2022-12-03,21242,18262,2980,1884,836,209,154,260,209,0,True
politics,2022-12-04,25348,22076,3272,2144,930,165,119,198,165,0,True
politics,2022-12-05,34538,29723,4815,3212,1370,203,167,233,203,0,True
politics,2022-12-06,32209,27794,4415,2881,1175,282,234,358,281,0,True
politics,2022-12-07,40581,35472,5109,2871,1652,385,291,586,385,0,True
politics,2022-12-08,30618,26146,4472,2822,1279,318,250,371,318,0,True
politics,2022-12-09,33721,29189,4532,3019,1203,253,205,310,253,0,True
politics,2022-12-10,21777,19034,2743,1742,822,154,121,179,154,0,True
politics,2022-12-11,20027,17304,2723,1830,717,153,116,176,153,0,True
politics,2022-12-12,21077,18149,2928,1878,742,225,187,308,225,0,True
politics,2022-12-13,23878,20630,3248,2086,811,287,214,351,287,0,True
politics,2022-12-14,20724,17834,2890,1839,756,246,192,295,246,0,True
