subreddit,year_month,rows_before_schema,rows_after_schema,rows_dropped_required_null
Adulting,2022-11,13033,13033,0
Adulting,2022-12,3956,3956,0
Adulting,2023-01,12,12,0
Adulting,2023-02,4,4,0
Adulting,2023-03,2,2,0
Adulting,2023-04,2,2,0
Advice,2022-11,160268,160268,0
Advice,2022-12,49731,49731,0
Advice,2023-01,122,122,0
Advice,2023-02,44,44,0
Advice,2023-03,11,11,0
Advice,2023-04,16,16,0
Aquariums,2022-11,70478,70478,0
Aquariums,2022-12,22670,22670,0
Aquariums,2023-01,71,71,0
Aquariums,2023-02,26,26,0
Aquariums,2023-03,11,11,0
Aquariums,2023-04,18,18,0
AskCulinary,2022-11,18796,18796,0
AskCulinary,2022-12,5010,5010,0
AskCulinary,2023-01,8,8,0
AskCulinary,2023-02,13,13,0
AskCulinary,2023-03,3,3,0
AskPhotography,2022-11,11848,11848,0
AskPhotography,2022-12,3022,3022,0
AskPhotography,2023-01,19,19,0
AskPhotography,2023-02,3,3,0
AskPhotography,2023-04,1,1,0
AskProgramming,2022-11,4167,4167,0
AskProgramming,2022-12,1695,1695,0
AskProgramming,2023-02,3,3,0
AskScienceDiscussion,2022-11,2682,2682,0
AskScienceDiscussion,2022-12,987,987,0
AskScienceDiscussion,2023-01,3,3,0
AskScienceDiscussion,2023-03,1,1,0
Ask_Politics,2022-11,400,400,0
Ask_Politics,2022-12,115,115,0
CURRENTEVENTS,2022-11,0,0,0
ChubbyFIRE,2022-11,881,881,0
ChubbyFIRE,2022-12,355,355,0
ChubbyFIRE,2023-02,1,1,0
CodingHelp,2022-11,1443,1443,0
CodingHelp,2022-12,523,523,0
Cooking,2022-11,106684,106684,0
Cooking,2022-12,36557,36557,0
Cooking,2023-01,73,73,0
Cooking,2023-02,34,34,0
Cooking,2023-03,13,13,0
Cooking,2023-04,18,18,0
CryptoMarkets,2022-11,7409,7409,0
CryptoMarkets,2022-12,2305,2305,0
CryptoMarkets,2023-04,1,1,0
Games,2022-11,100162,100162,0
Games,2022-12,45903,45903,0
Games,2023-01,27,27,0
Games,2023-02,30,30,0
Games,2023-03,8,8,0
Games,2023-04,10,10,0
GardeningIndoors,2022-11,360,360,0
GardeningIndoors,2022-12,103,103,0
GradSchool,2022-11,4607,4607,0
GradSchool,2022-12,1612,1612,0
GradSchool,2023-01,2,2,0
GradSchool,2023-02,1,1,0
GradSchool,2023-04,2,2,0
HENRYfinance,2022-11,727,727,0
HENRYfinance,2022-12,327,327,0
HENRYfinance,2023-04,1,1,0
Horses,2022-11,9564,9564,0
Horses,2022-12,2891,2891,0
Horses,2023-01,3,3,0
Horses,2023-02,2,2,0
Horses,2023-03,1,1,0
Horses,2023-04,2,2,0
ITCareerQuestions,2022-11,18935,18935,0
ITCareerQuestions,2022-12,5595,5595,0
ITCareerQuestions,2023-01,11,11,0
ITCareerQuestions,2023-02,6,6,0
ITCareerQuestions,2023-03,1,1,0
ITCareerQuestions,2023-04,3,3,0
IndieGaming,2022-11,6188,6188,0
IndieGaming,2022-12,1976,1976,0
IndieGaming,2023-01,1,1,0
IndieGaming,2023-02,2,2,0
IndoorGarden,2022-11,8663,8663,0
IndoorGarden,2022-12,2818,2818,0
IndoorGarden,2023-01,1,1,0
IndoorGarden,2023-02,13,13,0
IndoorGarden,2023-03,1,1,0
IndoorGarden,2023-04,1,1,0
LocalLLaMA,2023-04,2,2,0
NeutralPolitics,2022-11,394,394,0
NeutralPolitics,2022-12,61,61,0
NewTubers,2022-11,21581,21581,0
NewTubers,2022-12,5831,5831,0
NewTubers,2023-01,15,15,0
NewTubers,2023-02,5,5,0
NewTubers,2023-03,1,1,0
NewTubers,2023-04,4,4,0
OutOfTheLoop,2022-11,22729,22729,0
OutOfTheLoop,2022-12,7894,7894,0
OutOfTheLoop,2023-01,113,113,0
OutOfTheLoop,2023-02,19,19,0
OutOfTheLoop,2023-03,5,5,0
OutOfTheLoop,2023-04,6,6,0
PartneredYoutube,2022-11,2343,2343,0
PartneredYoutube,2022-12,895,895,0
PartneredYoutube,2023-01,11,11,0
Pets,2022-11,4817,4817,0
Pets,2022-12,1335,1335,0
Pets,2023-01,9,9,0
Pets,2023-02,4,4,0
Pets,2023-03,1,1,0
PoliticalDiscussion,2022-11,36885,36885,0
PoliticalDiscussion,2022-12,6555,6555,0
PoliticalDiscussion,2023-01,23,23,0
PoliticalDiscussion,2023-02,1,1,0
PoliticalDiscussion,2023-03,5,5,0
PoliticalDiscussion,2023-04,6,6,0
Students,2022-11,8,8,0
Students,2022-12,3,3,0
TooAfraidToAsk,2022-11,111535,111535,0
TooAfraidToAsk,2022-12,40126,40126,0
TooAfraidToAsk,2023-01,121,121,0
TooAfraidToAsk,2023-02,64,64,0
TooAfraidToAsk,2023-03,16,16,0
TooAfraidToAsk,2023-04,28,28,0
TrueReddit,2022-11,5561,5561,0
TrueReddit,2022-12,1277,1277,0
TrueReddit,2023-01,2,2,0
TrueReddit,2023-02,1,1,0
TrueReddit,2023-03,3,3,0
TrueReddit,2023-04,2,2,0
WritingHub,2022-11,542,542,0
WritingHub,2022-12,104,104,0
WritingHub,2023-01,1,1,0
advertising,2022-11,2212,2212,0
advertising,2022-12,775,775,0
advertising,2023-01,1,1,0
advertising,2023-02,3,3,0
algotrading,2022-11,4775,4775,0
algotrading,2022-12,1620,1620,0
algotrading,2023-01,1,1,0
algotrading,2023-02,2,2,0
answers,2022-11,11235,11235,0
answers,2022-12,4101,4101,0
answers,2023-01,8,8,0
answers,2023-02,10,10,0
answers,2023-04,3,3,0
artificial,2022-11,1263,1263,0
artificial,2022-12,539,539,0
artificial,2023-01,2,2,0
artificial,2023-02,2,2,0
biology,2022-11,11999,11999,0
biology,2022-12,2925,2925,0
biology,2023-01,4,4,0
biology,2023-02,3,3,0
biology,2023-03,3,3,0
biology,2023-04,4,4,0
budgetcooking,2022-11,224,224,0
budgetcooking,2022-12,39,39,0
content_marketing,2022-11,349,349,0
content_marketing,2022-12,100,100,0
content_marketing,2023-04,9,9,0
copywriting,2022-11,2807,2807,0
copywriting,2022-12,1116,1116,0
copywriting,2023-02,2,2,0
csMajors,2022-11,32172,32172,0
csMajors,2022-12,8392,8392,0
csMajors,2023-01,28,28,0
csMajors,2023-02,5,5,0
csMajors,2023-03,1,1,0
csMajors,2023-04,4,4,0
cscareerquestions,2022-11,64337,64337,0
cscareerquestions,2022-12,17841,17841,0
cscareerquestions,2023-01,37,37,0
cscareerquestions,2023-02,9,9,0
cscareerquestions,2023-03,5,5,0
cscareerquestions,2023-04,14,14,0
digital_marketing,2022-11,187,187,0
digital_marketing,2022-12,82,82,0
digital_marketing,2023-02,0,0,0
dropship,2022-11,4709,4709,0
dropship,2022-12,1249,1249,0
dropship,2023-01,1,1,0
dropship,2023-02,1,1,0
ecommerce,2022-11,4819,4819,0
ecommerce,2022-12,1317,1317,0
ecommerce,2023-01,7,7,0
ethereum,2022-11,12403,12403,0
ethereum,2022-12,3153,3153,0
ethereum,2023-01,6,6,0
ethereum,2023-02,0,0,0
ethereum,2023-04,2,2,0
fantasywriters,2022-11,12501,12501,0
fantasywriters,2022-12,5057,5057,0
fantasywriters,2023-01,6,6,0
fantasywriters,2023-02,4,4,0
fantasywriters,2023-04,6,6,0
fantasywriting,2022-11,33,33,0
fantasywriting,2022-12,9,9,0
fatFIRE,2022-11,13080,13080,0
fatFIRE,2022-12,5365,5365,0
fatFIRE,2023-01,28,28,0
fatFIRE,2023-02,1,1,0
fatFIRE,2023-03,2,2,0
fatFIRE,2023-04,1,1,0
financialindependence,2022-11,20622,20622,0
financialindependence,2022-12,6616,6616,0
financialindependence,2023-01,6,6,0
financialindependence,2023-02,12,12,0
financialindependence,2023-03,3,3,0
financialindependence,2023-04,3,3,0
forhire,2022-11,1047,1047,0
forhire,2022-12,322,322,0
forhire,2023-01,1,1,0
forhire,2023-03,0,0,0
forhire,2023-04,0,0,0
freelance,2022-11,876,876,0
freelance,2022-12,478,478,0
freelance,2023-02,1,1,0
freelanceWriters,2022-11,3525,3525,0
freelanceWriters,2022-12,1337,1337,0
freelanceWriters,2023-01,5,5,0
freelanceWriters,2023-04,2,2,0
hardware,2022-11,25120,25120,0
hardware,2022-12,7138,7138,0
hardware,2023-01,15,15,0
hardware,2023-02,3,3,0
hardware,2023-03,1,1,0
hardware,2023-04,3,3,0
inthenews,2022-11,32297,32297,0
inthenews,2022-12,9430,9430,0
inthenews,2023-01,12,12,0
inthenews,2023-02,13,13,0
inthenews,2023-03,3,3,0
inthenews,2023-04,15,15,0
labrats,2022-11,13580,13580,0
labrats,2022-12,4346,4346,0
labrats,2023-01,4,4,0
labrats,2023-02,2,2,0
labrats,2023-03,1,1,0
labrats,2023-04,6,6,0
languagelearning,2022-11,27674,27674,0
languagelearning,2022-12,6757,6757,0
languagelearning,2023-01,15,15,0
languagelearning,2023-02,17,17,0
languagelearning,2023-03,1,1,0
languagelearning,2023-04,6,6,0
leanfire,2022-11,1868,1868,0
leanfire,2022-12,590,590,0
leanfire,2023-01,1,1,0
leanfire,2023-02,3,3,0
learnmath,2022-11,7866,7866,0
learnmath,2022-12,2165,2165,0
learnmath,2023-01,5,5,0
learnmath,2023-02,2,2,0
learnprogramming,2022-11,36989,36989,0
learnprogramming,2022-12,10081,10081,0
learnprogramming,2023-01,37,37,0
learnprogramming,2023-02,2,2,0
learnprogramming,2023-03,5,5,0
learnprogramming,2023-04,4,4,0
medical,2022-11,14456,14456,0
medical,2022-12,4322,4322,0
medical,2023-01,9,9,0
medical,2023-02,4,4,0
medical,2023-03,1,1,0
medical,2023-04,1,1,0
medicine,2022-11,24538,24538,0
medicine,2022-12,6305,6305,0
medicine,2023-01,20,20,0
medicine,2023-02,11,11,0
medicine,2023-03,3,3,0
medicine,2023-04,4,4,0
moderatepolitics,2022-11,45453,45453,0
moderatepolitics,2022-12,13673,13673,0
moderatepolitics,2023-02,11,11,0
moderatepolitics,2023-03,7,7,0
moderatepolitics,2023-04,7,7,0
pcgaming,2022-11,104953,104953,0
pcgaming,2022-12,29649,29649,0
pcgaming,2023-01,80,80,0
pcgaming,2023-02,18,18,0
pcgaming,2023-03,11,11,0
pcgaming,2023-04,11,11,0
photography,2022-11,16950,16950,0
photography,2022-12,6026,6026,0
photography,2023-01,2,2,0
photography,2023-02,4,4,0
photography,2023-03,1,1,0
photography,2023-04,4,4,0
relationship_advice,2022-11,568628,568628,0
relationship_advice,2022-12,155906,155906,0
relationship_advice,2023-01,214,214,0
relationship_advice,2023-02,116,116,0
relationship_advice,2023-03,61,61,0
relationship_advice,2023-04,30,30,0
scifiwriting,2022-11,3919,3919,0
scifiwriting,2022-12,1247,1247,0
scifiwriting,2023-01,4,4,0
scifiwriting,2023-02,2,2,0
scifiwriting,2023-03,2,2,0
shopify,2022-11,4559,4559,0
shopify,2022-12,1960,1960,0
shopify,2023-01,9,9,0
shopify,2023-02,0,0,0
singularity,2022-11,9687,9687,0
singularity,2022-12,7417,7417,0
singularity,2023-01,17,17,0
singularity,2023-02,5,5,0
singularity,2023-03,2,2,0
singularity,2023-04,15,15,0
smallbusiness,2022-11,23406,23406,0
smallbusiness,2022-12,6700,6700,0
smallbusiness,2023-01,5,5,0
smallbusiness,2023-02,14,14,0
smallbusiness,2023-03,6,6,0
smallbusiness,2023-04,5,5,0
socialskills,2022-11,32911,32911,0
socialskills,2022-12,9565,9565,0
socialskills,2023-01,16,16,0
socialskills,2023-02,8,8,0
socialskills,2023-04,4,4,0
solotravel,2022-11,16459,16459,0
solotravel,2022-12,4649,4649,0
solotravel,2023-01,3,3,0
solotravel,2023-02,4,4,0
solotravel,2023-03,1,1,0
solotravel,2023-04,4,4,0
suggestmeabook,2022-11,71616,71616,0
suggestmeabook,2022-12,20848,20848,0
suggestmeabook,2023-01,46,46,0
suggestmeabook,2023-02,15,15,0
suggestmeabook,2023-03,8,8,0
suggestmeabook,2023-04,12,12,0
technews,2022-11,10836,10836,0
technews,2022-12,4493,4493,0
technews,2023-02,13,13,0
technews,2023-03,5,5,0
whatsthatbook,2022-11,7739,7739,0
whatsthatbook,2022-12,2729,2729,0
whatsthatbook,2023-01,7,7,0
whatsthatbook,2023-02,4,4,0
writingadvice,2022-11,1460,1460,0
writingadvice,2022-12,417,417,0
writingadvice,2023-01,4,4,0
writingadvice,2023-02,0,0,0
youtubers,2022-11,5284,5284,0
youtubers,2022-12,2070,2070,0
youtubers,2023-01,3,3,0
youtubers,2023-02,1,1,0
youtubers,2023-03,3,3,0
