subreddit,year_month,column,expected_dtype,rows_total,null_before,null_after,invalid_cast_count
AskProgramming,2022-11,author,string,4167,0,0,0
AskProgramming,2022-11,body,string,4167,0,0,0
AskProgramming,2022-11,controversiality,Int64,4167,0,0,0
AskProgramming,2022-11,created_utc,Int64,4167,0,0,0
AskProgramming,2022-11,date_utc,string,4167,0,0,0
AskProgramming,2022-11,distinguished,string,4167,4167,4167,0
AskProgramming,2022-11,edited,string,4167,0,0,4167
AskProgramming,2022-11,id,string,4167,0,0,0
AskProgramming,2022-11,is_bot_name_heuristic,boolean,4167,0,0,0
AskProgramming,2022-11,is_deleted_author,boolean,4167,0,0,0
AskProgramming,2022-11,is_short_text,boolean,4167,0,0,0
AskProgramming,2022-11,is_url_only,boolean,4167,0,0,0
AskProgramming,2022-11,link_id,string,4167,0,0,0
AskProgramming,2022-11,parent_id,string,4167,0,0,0
AskProgramming,2022-11,permalink,string,4167,0,0,0
AskProgramming,2022-11,score,Int64,4167,0,0,0
AskProgramming,2022-11,stickied,boolean,4167,0,0,0
AskProgramming,2022-11,subreddit,string,4167,0,0,0
AskProgramming,2022-11,year_month,string,4167,0,0,0
AskProgramming,2022-12,author,string,4732,0,0,0
AskProgramming,2022-12,body,string,4732,0,0,0
AskProgramming,2022-12,controversiality,Int64,4732,0,0,0
AskProgramming,2022-12,created_utc,Int64,4732,0,0,0
AskProgramming,2022-12,date_utc,string,4732,0,0,0
AskProgramming,2022-12,distinguished,string,4732,4732,4732,0
AskProgramming,2022-12,edited,string,4732,0,0,4732
AskProgramming,2022-12,id,string,4732,0,0,0
AskProgramming,2022-12,is_bot_name_heuristic,boolean,4732,0,0,0
AskProgramming,2022-12,is_deleted_author,boolean,4732,0,0,0
AskProgramming,2022-12,is_short_text,boolean,4732,0,0,0
AskProgramming,2022-12,is_url_only,boolean,4732,0,0,0
AskProgramming,2022-12,link_id,string,4732,0,0,0
AskProgramming,2022-12,parent_id,string,4732,0,0,0
AskProgramming,2022-12,permalink,string,4732,0,0,0
AskProgramming,2022-12,score,Int64,4732,0,0,0
AskProgramming,2022-12,stickied,boolean,4732,0,0,0
AskProgramming,2022-12,subreddit,string,4732,0,0,0
AskProgramming,2022-12,year_month,string,4732,0,0,0
AskProgramming,2023-01,author,string,4119,0,0,0
AskProgramming,2023-01,body,string,4119,0,0,0
AskProgramming,2023-01,controversiality,Int64,4119,0,0,0
AskProgramming,2023-01,created_utc,Int64,4119,0,0,0
AskProgramming,2023-01,date_utc,string,4119,0,0,0
AskProgramming,2023-01,distinguished,string,4119,4119,4119,0
AskProgramming,2023-01,edited,string,4119,0,0,4119
AskProgramming,2023-01,id,string,4119,0,0,0
AskProgramming,2023-01,is_bot_name_heuristic,boolean,4119,0,0,0
AskProgramming,2023-01,is_deleted_author,boolean,4119,0,0,0
AskProgramming,2023-01,is_short_text,boolean,4119,0,0,0
AskProgramming,2023-01,is_url_only,boolean,4119,0,0,0
AskProgramming,2023-01,link_id,string,4119,0,0,0
AskProgramming,2023-01,parent_id,string,4119,0,0,0
AskProgramming,2023-01,permalink,string,4119,0,0,0
AskProgramming,2023-01,score,Int64,4119,0,0,0
AskProgramming,2023-01,stickied,boolean,4119,0,0,0
AskProgramming,2023-01,subreddit,string,4119,0,0,0
AskProgramming,2023-01,year_month,string,4119,0,0,0
AskProgramming,2023-02,author,string,4524,0,0,0
AskProgramming,2023-02,body,string,4524,0,0,0
AskProgramming,2023-02,controversiality,Int64,4524,0,0,0
AskProgramming,2023-02,created_utc,Int64,4524,0,0,0
AskProgramming,2023-02,date_utc,string,4524,0,0,0
AskProgramming,2023-02,distinguished,string,4524,4524,4524,0
AskProgramming,2023-02,edited,string,4524,0,0,4524
AskProgramming,2023-02,id,string,4524,0,0,0
AskProgramming,2023-02,is_bot_name_heuristic,boolean,4524,0,0,0
AskProgramming,2023-02,is_deleted_author,boolean,4524,0,0,0
AskProgramming,2023-02,is_short_text,boolean,4524,0,0,0
AskProgramming,2023-02,is_url_only,boolean,4524,0,0,0
AskProgramming,2023-02,link_id,string,4524,0,0,0
AskProgramming,2023-02,parent_id,string,4524,0,0,0
AskProgramming,2023-02,permalink,string,4524,0,0,0
AskProgramming,2023-02,score,Int64,4524,0,0,0
AskProgramming,2023-02,stickied,boolean,4524,0,0,0
AskProgramming,2023-02,subreddit,string,4524,0,0,0
AskProgramming,2023-02,year_month,string,4524,0,0,0
AskProgramming,2023-03,author,string,4273,0,0,0
AskProgramming,2023-03,body,string,4273,0,0,0
AskProgramming,2023-03,controversiality,Int64,4273,0,0,0
AskProgramming,2023-03,created_utc,Int64,4273,0,0,0
AskProgramming,2023-03,date_utc,string,4273,0,0,0
AskProgramming,2023-03,distinguished,string,4273,4273,4273,0
AskProgramming,2023-03,edited,string,4273,0,0,4273
AskProgramming,2023-03,id,string,4273,0,0,0
AskProgramming,2023-03,is_bot_name_heuristic,boolean,4273,0,0,0
AskProgramming,2023-03,is_deleted_author,boolean,4273,0,0,0
AskProgramming,2023-03,is_short_text,boolean,4273,0,0,0
AskProgramming,2023-03,is_url_only,boolean,4273,0,0,0
AskProgramming,2023-03,link_id,string,4273,0,0,0
AskProgramming,2023-03,parent_id,string,4273,0,0,0
AskProgramming,2023-03,permalink,string,4273,0,0,0
AskProgramming,2023-03,score,Int64,4273,0,0,0
AskProgramming,2023-03,stickied,boolean,4273,0,0,0
AskProgramming,2023-03,subreddit,string,4273,0,0,0
AskProgramming,2023-03,year_month,string,4273,0,0,0
AskProgramming,2023-04,author,string,4571,0,0,0
AskProgramming,2023-04,body,string,4571,0,0,0
AskProgramming,2023-04,controversiality,Int64,4571,0,0,0
AskProgramming,2023-04,created_utc,Int64,4571,0,0,0
AskProgramming,2023-04,date_utc,string,4571,0,0,0
AskProgramming,2023-04,distinguished,string,4571,4571,4571,0
AskProgramming,2023-04,edited,string,4571,0,0,4571
AskProgramming,2023-04,id,string,4571,0,0,0
AskProgramming,2023-04,is_bot_name_heuristic,boolean,4571,0,0,0
AskProgramming,2023-04,is_deleted_author,boolean,4571,0,0,0
AskProgramming,2023-04,is_short_text,boolean,4571,0,0,0
AskProgramming,2023-04,is_url_only,boolean,4571,0,0,0
AskProgramming,2023-04,link_id,string,4571,0,0,0
AskProgramming,2023-04,parent_id,string,4571,0,0,0
AskProgramming,2023-04,permalink,string,4571,0,0,0
AskProgramming,2023-04,score,Int64,4571,0,0,0
AskProgramming,2023-04,stickied,boolean,4571,0,0,0
AskProgramming,2023-04,subreddit,string,4571,0,0,0
AskProgramming,2023-04,year_month,string,4571,0,0,0
Ask_Politics,2022-11,author,string,400,0,0,0
Ask_Politics,2022-11,body,string,400,0,0,0
Ask_Politics,2022-11,controversiality,Int64,400,0,0,0
Ask_Politics,2022-11,created_utc,Int64,400,0,0,0
Ask_Politics,2022-11,date_utc,string,400,0,0,0
Ask_Politics,2022-11,distinguished,string,400,400,400,0
Ask_Politics,2022-11,edited,string,400,0,0,400
Ask_Politics,2022-11,id,string,400,0,0,0
Ask_Politics,2022-11,is_bot_name_heuristic,boolean,400,0,0,0
Ask_Politics,2022-11,is_deleted_author,boolean,400,0,0,0
Ask_Politics,2022-11,is_short_text,boolean,400,0,0,0
Ask_Politics,2022-11,is_url_only,boolean,400,0,0,0
Ask_Politics,2022-11,link_id,string,400,0,0,0
Ask_Politics,2022-11,parent_id,string,400,0,0,0
Ask_Politics,2022-11,permalink,string,400,0,0,0
Ask_Politics,2022-11,score,Int64,400,0,0,0
Ask_Politics,2022-11,stickied,boolean,400,0,0,0
Ask_Politics,2022-11,subreddit,string,400,0,0,0
Ask_Politics,2022-11,year_month,string,400,0,0,0
Ask_Politics,2022-12,author,string,400,0,0,0
Ask_Politics,2022-12,body,string,400,0,0,0
Ask_Politics,2022-12,controversiality,Int64,400,0,0,0
Ask_Politics,2022-12,created_utc,Int64,400,0,0,0
Ask_Politics,2022-12,date_utc,string,400,0,0,0
Ask_Politics,2022-12,distinguished,string,400,400,400,0
Ask_Politics,2022-12,edited,string,400,0,0,400
Ask_Politics,2022-12,id,string,400,0,0,0
Ask_Politics,2022-12,is_bot_name_heuristic,boolean,400,0,0,0
Ask_Politics,2022-12,is_deleted_author,boolean,400,0,0,0
Ask_Politics,2022-12,is_short_text,boolean,400,0,0,0
Ask_Politics,2022-12,is_url_only,boolean,400,0,0,0
Ask_Politics,2022-12,link_id,string,400,0,0,0
Ask_Politics,2022-12,parent_id,string,400,0,0,0
Ask_Politics,2022-12,permalink,string,400,0,0,0
Ask_Politics,2022-12,score,Int64,400,0,0,0
Ask_Politics,2022-12,stickied,boolean,400,0,0,0
Ask_Politics,2022-12,subreddit,string,400,0,0,0
Ask_Politics,2022-12,year_month,string,400,0,0,0
Ask_Politics,2023-01,author,string,263,0,0,0
Ask_Politics,2023-01,body,string,263,0,0,0
Ask_Politics,2023-01,controversiality,Int64,263,0,0,0
Ask_Politics,2023-01,created_utc,Int64,263,0,0,0
Ask_Politics,2023-01,date_utc,string,263,0,0,0
Ask_Politics,2023-01,distinguished,string,263,263,263,0
Ask_Politics,2023-01,edited,string,263,0,0,263
Ask_Politics,2023-01,id,string,263,0,0,0
Ask_Politics,2023-01,is_bot_name_heuristic,boolean,263,0,0,0
Ask_Politics,2023-01,is_deleted_author,boolean,263,0,0,0
Ask_Politics,2023-01,is_short_text,boolean,263,0,0,0
Ask_Politics,2023-01,is_url_only,boolean,263,0,0,0
Ask_Politics,2023-01,link_id,string,263,0,0,0
Ask_Politics,2023-01,parent_id,string,263,0,0,0
Ask_Politics,2023-01,permalink,string,263,0,0,0
Ask_Politics,2023-01,score,Int64,263,0,0,0
Ask_Politics,2023-01,stickied,boolean,263,0,0,0
Ask_Politics,2023-01,subreddit,string,263,0,0,0
Ask_Politics,2023-01,year_month,string,263,0,0,0
Ask_Politics,2023-02,author,string,160,0,0,0
Ask_Politics,2023-02,body,string,160,0,0,0
Ask_Politics,2023-02,controversiality,Int64,160,0,0,0
Ask_Politics,2023-02,created_utc,Int64,160,0,0,0
Ask_Politics,2023-02,date_utc,string,160,0,0,0
Ask_Politics,2023-02,distinguished,string,160,160,160,0
Ask_Politics,2023-02,edited,string,160,0,0,160
Ask_Politics,2023-02,id,string,160,0,0,0
Ask_Politics,2023-02,is_bot_name_heuristic,boolean,160,0,0,0
Ask_Politics,2023-02,is_deleted_author,boolean,160,0,0,0
Ask_Politics,2023-02,is_short_text,boolean,160,0,0,0
Ask_Politics,2023-02,is_url_only,boolean,160,0,0,0
Ask_Politics,2023-02,link_id,string,160,0,0,0
Ask_Politics,2023-02,parent_id,string,160,0,0,0
Ask_Politics,2023-02,permalink,string,160,0,0,0
Ask_Politics,2023-02,score,Int64,160,0,0,0
Ask_Politics,2023-02,stickied,boolean,160,0,0,0
Ask_Politics,2023-02,subreddit,string,160,0,0,0
Ask_Politics,2023-02,year_month,string,160,0,0,0
Ask_Politics,2023-03,author,string,240,0,0,0
Ask_Politics,2023-03,body,string,240,0,0,0
Ask_Politics,2023-03,controversiality,Int64,240,0,0,0
Ask_Politics,2023-03,created_utc,Int64,240,0,0,0
Ask_Politics,2023-03,date_utc,string,240,0,0,0
Ask_Politics,2023-03,distinguished,string,240,240,240,0
Ask_Politics,2023-03,edited,string,240,0,0,240
Ask_Politics,2023-03,id,string,240,0,0,0
Ask_Politics,2023-03,is_bot_name_heuristic,boolean,240,0,0,0
Ask_Politics,2023-03,is_deleted_author,boolean,240,0,0,0
Ask_Politics,2023-03,is_short_text,boolean,240,0,0,0
Ask_Politics,2023-03,is_url_only,boolean,240,0,0,0
Ask_Politics,2023-03,link_id,string,240,0,0,0
Ask_Politics,2023-03,parent_id,string,240,0,0,0
Ask_Politics,2023-03,permalink,string,240,0,0,0
Ask_Politics,2023-03,score,Int64,240,0,0,0
Ask_Politics,2023-03,stickied,boolean,240,0,0,0
Ask_Politics,2023-03,subreddit,string,240,0,0,0
Ask_Politics,2023-03,year_month,string,240,0,0,0
Ask_Politics,2023-04,author,string,304,0,0,0
Ask_Politics,2023-04,body,string,304,0,0,0
Ask_Politics,2023-04,controversiality,Int64,304,0,0,0
Ask_Politics,2023-04,created_utc,Int64,304,0,0,0
Ask_Politics,2023-04,date_utc,string,304,0,0,0
Ask_Politics,2023-04,distinguished,string,304,304,304,0
Ask_Politics,2023-04,edited,string,304,0,0,304
Ask_Politics,2023-04,id,string,304,0,0,0
Ask_Politics,2023-04,is_bot_name_heuristic,boolean,304,0,0,0
Ask_Politics,2023-04,is_deleted_author,boolean,304,0,0,0
Ask_Politics,2023-04,is_short_text,boolean,304,0,0,0
Ask_Politics,2023-04,is_url_only,boolean,304,0,0,0
Ask_Politics,2023-04,link_id,string,304,0,0,0
Ask_Politics,2023-04,parent_id,string,304,0,0,0
Ask_Politics,2023-04,permalink,string,304,0,0,0
Ask_Politics,2023-04,score,Int64,304,0,0,0
Ask_Politics,2023-04,stickied,boolean,304,0,0,0
Ask_Politics,2023-04,subreddit,string,304,0,0,0
Ask_Politics,2023-04,year_month,string,304,0,0,0
CodingHelp,2022-11,author,string,1443,0,0,0
CodingHelp,2022-11,body,string,1443,0,0,0
CodingHelp,2022-11,controversiality,Int64,1443,0,0,0
CodingHelp,2022-11,created_utc,Int64,1443,0,0,0
CodingHelp,2022-11,date_utc,string,1443,0,0,0
CodingHelp,2022-11,distinguished,string,1443,1443,1443,0
CodingHelp,2022-11,edited,string,1443,0,0,1443
CodingHelp,2022-11,id,string,1443,0,0,0
CodingHelp,2022-11,is_bot_name_heuristic,boolean,1443,0,0,0
CodingHelp,2022-11,is_deleted_author,boolean,1443,0,0,0
CodingHelp,2022-11,is_short_text,boolean,1443,0,0,0
CodingHelp,2022-11,is_url_only,boolean,1443,0,0,0
CodingHelp,2022-11,link_id,string,1443,0,0,0
CodingHelp,2022-11,parent_id,string,1443,0,0,0
CodingHelp,2022-11,permalink,string,1443,0,0,0
CodingHelp,2022-11,score,Int64,1443,0,0,0
CodingHelp,2022-11,stickied,boolean,1443,0,0,0
CodingHelp,2022-11,subreddit,string,1443,0,0,0
CodingHelp,2022-11,year_month,string,1443,0,0,0
CodingHelp,2022-12,author,string,1545,0,0,0
CodingHelp,2022-12,body,string,1545,0,0,0
CodingHelp,2022-12,controversiality,Int64,1545,0,0,0
CodingHelp,2022-12,created_utc,Int64,1545,0,0,0
CodingHelp,2022-12,date_utc,string,1545,0,0,0
CodingHelp,2022-12,distinguished,string,1545,1545,1545,0
CodingHelp,2022-12,edited,string,1545,0,0,1545
CodingHelp,2022-12,id,string,1545,0,0,0
CodingHelp,2022-12,is_bot_name_heuristic,boolean,1545,0,0,0
CodingHelp,2022-12,is_deleted_author,boolean,1545,0,0,0
CodingHelp,2022-12,is_short_text,boolean,1545,0,0,0
CodingHelp,2022-12,is_url_only,boolean,1545,0,0,0
CodingHelp,2022-12,link_id,string,1545,0,0,0
CodingHelp,2022-12,parent_id,string,1545,0,0,0
CodingHelp,2022-12,permalink,string,1545,0,0,0
CodingHelp,2022-12,score,Int64,1545,0,0,0
CodingHelp,2022-12,stickied,boolean,1545,0,0,0
CodingHelp,2022-12,subreddit,string,1545,0,0,0
CodingHelp,2022-12,year_month,string,1545,0,0,0
CodingHelp,2023-01,author,string,1420,0,0,0
CodingHelp,2023-01,body,string,1420,0,0,0
CodingHelp,2023-01,controversiality,Int64,1420,0,0,0
CodingHelp,2023-01,created_utc,Int64,1420,0,0,0
CodingHelp,2023-01,date_utc,string,1420,0,0,0
CodingHelp,2023-01,distinguished,string,1420,1420,1420,0
CodingHelp,2023-01,edited,string,1420,0,0,1420
CodingHelp,2023-01,id,string,1420,0,0,0
CodingHelp,2023-01,is_bot_name_heuristic,boolean,1420,0,0,0
CodingHelp,2023-01,is_deleted_author,boolean,1420,0,0,0
CodingHelp,2023-01,is_short_text,boolean,1420,0,0,0
CodingHelp,2023-01,is_url_only,boolean,1420,0,0,0
CodingHelp,2023-01,link_id,string,1420,0,0,0
CodingHelp,2023-01,parent_id,string,1420,0,0,0
CodingHelp,2023-01,permalink,string,1420,0,0,0
CodingHelp,2023-01,score,Int64,1420,0,0,0
CodingHelp,2023-01,stickied,boolean,1420,0,0,0
CodingHelp,2023-01,subreddit,string,1420,0,0,0
CodingHelp,2023-01,year_month,string,1420,0,0,0
CodingHelp,2023-02,author,string,1129,0,0,0
CodingHelp,2023-02,body,string,1129,0,0,0
CodingHelp,2023-02,controversiality,Int64,1129,0,0,0
CodingHelp,2023-02,created_utc,Int64,1129,0,0,0
CodingHelp,2023-02,date_utc,string,1129,0,0,0
CodingHelp,2023-02,distinguished,string,1129,1129,1129,0
CodingHelp,2023-02,edited,string,1129,0,0,1129
CodingHelp,2023-02,id,string,1129,0,0,0
CodingHelp,2023-02,is_bot_name_heuristic,boolean,1129,0,0,0
CodingHelp,2023-02,is_deleted_author,boolean,1129,0,0,0
CodingHelp,2023-02,is_short_text,boolean,1129,0,0,0
CodingHelp,2023-02,is_url_only,boolean,1129,0,0,0
CodingHelp,2023-02,link_id,string,1129,0,0,0
CodingHelp,2023-02,parent_id,string,1129,0,0,0
CodingHelp,2023-02,permalink,string,1129,0,0,0
CodingHelp,2023-02,score,Int64,1129,0,0,0
CodingHelp,2023-02,stickied,boolean,1129,0,0,0
CodingHelp,2023-02,subreddit,string,1129,0,0,0
CodingHelp,2023-02,year_month,string,1129,0,0,0
CodingHelp,2023-03,author,string,1124,0,0,0
CodingHelp,2023-03,body,string,1124,0,0,0
CodingHelp,2023-03,controversiality,Int64,1124,0,0,0
CodingHelp,2023-03,created_utc,Int64,1124,0,0,0
CodingHelp,2023-03,date_utc,string,1124,0,0,0
CodingHelp,2023-03,distinguished,string,1124,1124,1124,0
CodingHelp,2023-03,edited,string,1124,0,0,1124
CodingHelp,2023-03,id,string,1124,0,0,0
CodingHelp,2023-03,is_bot_name_heuristic,boolean,1124,0,0,0
CodingHelp,2023-03,is_deleted_author,boolean,1124,0,0,0
CodingHelp,2023-03,is_short_text,boolean,1124,0,0,0
CodingHelp,2023-03,is_url_only,boolean,1124,0,0,0
CodingHelp,2023-03,link_id,string,1124,0,0,0
CodingHelp,2023-03,parent_id,string,1124,0,0,0
CodingHelp,2023-03,permalink,string,1124,0,0,0
CodingHelp,2023-03,score,Int64,1124,0,0,0
CodingHelp,2023-03,stickied,boolean,1124,0,0,0
CodingHelp,2023-03,subreddit,string,1124,0,0,0
CodingHelp,2023-03,year_month,string,1124,0,0,0
CodingHelp,2023-04,author,string,1121,0,0,0
CodingHelp,2023-04,body,string,1121,0,0,0
CodingHelp,2023-04,controversiality,Int64,1121,0,0,0
CodingHelp,2023-04,created_utc,Int64,1121,0,0,0
CodingHelp,2023-04,date_utc,string,1121,0,0,0
CodingHelp,2023-04,distinguished,string,1121,1121,1121,0
CodingHelp,2023-04,edited,string,1121,0,0,1121
CodingHelp,2023-04,id,string,1121,0,0,0
CodingHelp,2023-04,is_bot_name_heuristic,boolean,1121,0,0,0
CodingHelp,2023-04,is_deleted_author,boolean,1121,0,0,0
CodingHelp,2023-04,is_short_text,boolean,1121,0,0,0
CodingHelp,2023-04,is_url_only,boolean,1121,0,0,0
CodingHelp,2023-04,link_id,string,1121,0,0,0
CodingHelp,2023-04,parent_id,string,1121,0,0,0
CodingHelp,2023-04,permalink,string,1121,0,0,0
CodingHelp,2023-04,score,Int64,1121,0,0,0
CodingHelp,2023-04,stickied,boolean,1121,0,0,0
CodingHelp,2023-04,subreddit,string,1121,0,0,0
CodingHelp,2023-04,year_month,string,1121,0,0,0
ITCareerQuestions,2022-11,author,string,18935,0,0,0
ITCareerQuestions,2022-11,body,string,18935,0,0,0
ITCareerQuestions,2022-11,controversiality,Int64,18935,0,0,0
ITCareerQuestions,2022-11,created_utc,Int64,18935,0,0,0
ITCareerQuestions,2022-11,date_utc,string,18935,0,0,0
ITCareerQuestions,2022-11,distinguished,string,18935,18935,18935,0
ITCareerQuestions,2022-11,edited,string,18935,0,0,18935
ITCareerQuestions,2022-11,id,string,18935,0,0,0
ITCareerQuestions,2022-11,is_bot_name_heuristic,boolean,18935,0,0,0
ITCareerQuestions,2022-11,is_deleted_author,boolean,18935,0,0,0
ITCareerQuestions,2022-11,is_short_text,boolean,18935,0,0,0
ITCareerQuestions,2022-11,is_url_only,boolean,18935,0,0,0
ITCareerQuestions,2022-11,link_id,string,18935,0,0,0
ITCareerQuestions,2022-11,parent_id,string,18935,0,0,0
ITCareerQuestions,2022-11,permalink,string,18935,0,0,0
ITCareerQuestions,2022-11,score,Int64,18935,0,0,0
ITCareerQuestions,2022-11,stickied,boolean,18935,0,0,0
ITCareerQuestions,2022-11,subreddit,string,18935,0,0,0
ITCareerQuestions,2022-11,year_month,string,18935,0,0,0
ITCareerQuestions,2022-12,author,string,18528,0,0,0
ITCareerQuestions,2022-12,body,string,18528,0,0,0
ITCareerQuestions,2022-12,controversiality,Int64,18528,0,0,0
ITCareerQuestions,2022-12,created_utc,Int64,18528,0,0,0
ITCareerQuestions,2022-12,date_utc,string,18528,0,0,0
ITCareerQuestions,2022-12,distinguished,string,18528,18528,18528,0
ITCareerQuestions,2022-12,edited,string,18528,0,0,18528
ITCareerQuestions,2022-12,id,string,18528,0,0,0
ITCareerQuestions,2022-12,is_bot_name_heuristic,boolean,18528,0,0,0
ITCareerQuestions,2022-12,is_deleted_author,boolean,18528,0,0,0
ITCareerQuestions,2022-12,is_short_text,boolean,18528,0,0,0
ITCareerQuestions,2022-12,is_url_only,boolean,18528,0,0,0
ITCareerQuestions,2022-12,link_id,string,18528,0,0,0
ITCareerQuestions,2022-12,parent_id,string,18528,0,0,0
ITCareerQuestions,2022-12,permalink,string,18528,0,0,0
ITCareerQuestions,2022-12,score,Int64,18528,0,0,0
ITCareerQuestions,2022-12,stickied,boolean,18528,0,0,0
ITCareerQuestions,2022-12,subreddit,string,18528,0,0,0
ITCareerQuestions,2022-12,year_month,string,18528,0,0,0
ITCareerQuestions,2023-01,author,string,22080,0,0,0
ITCareerQuestions,2023-01,body,string,22080,0,0,0
ITCareerQuestions,2023-01,controversiality,Int64,22080,0,0,0
ITCareerQuestions,2023-01,created_utc,Int64,22080,0,0,0
ITCareerQuestions,2023-01,date_utc,string,22080,0,0,0
ITCareerQuestions,2023-01,distinguished,string,22080,22080,22080,0
ITCareerQuestions,2023-01,edited,string,22080,0,0,22080
ITCareerQuestions,2023-01,id,string,22080,0,0,0
ITCareerQuestions,2023-01,is_bot_name_heuristic,boolean,22080,0,0,0
ITCareerQuestions,2023-01,is_deleted_author,boolean,22080,0,0,0
ITCareerQuestions,2023-01,is_short_text,boolean,22080,0,0,0
ITCareerQuestions,2023-01,is_url_only,boolean,22080,0,0,0
ITCareerQuestions,2023-01,link_id,string,22080,0,0,0
ITCareerQuestions,2023-01,parent_id,string,22080,0,0,0
ITCareerQuestions,2023-01,permalink,string,22080,0,0,0
ITCareerQuestions,2023-01,score,Int64,22080,0,0,0
ITCareerQuestions,2023-01,stickied,boolean,22080,0,0,0
ITCareerQuestions,2023-01,subreddit,string,22080,0,0,0
ITCareerQuestions,2023-01,year_month,string,22080,0,0,0
ITCareerQuestions,2023-02,author,string,20053,0,0,0
ITCareerQuestions,2023-02,body,string,20053,0,0,0
ITCareerQuestions,2023-02,controversiality,Int64,20053,0,0,0
ITCareerQuestions,2023-02,created_utc,Int64,20053,0,0,0
ITCareerQuestions,2023-02,date_utc,string,20053,0,0,0
ITCareerQuestions,2023-02,distinguished,string,20053,20053,20053,0
ITCareerQuestions,2023-02,edited,string,20053,0,0,20053
ITCareerQuestions,2023-02,id,string,20053,0,0,0
ITCareerQuestions,2023-02,is_bot_name_heuristic,boolean,20053,0,0,0
ITCareerQuestions,2023-02,is_deleted_author,boolean,20053,0,0,0
ITCareerQuestions,2023-02,is_short_text,boolean,20053,0,0,0
ITCareerQuestions,2023-02,is_url_only,boolean,20053,0,0,0
ITCareerQuestions,2023-02,link_id,string,20053,0,0,0
ITCareerQuestions,2023-02,parent_id,string,20053,0,0,0
ITCareerQuestions,2023-02,permalink,string,20053,0,0,0
ITCareerQuestions,2023-02,score,Int64,20053,0,0,0
ITCareerQuestions,2023-02,stickied,boolean,20053,0,0,0
ITCareerQuestions,2023-02,subreddit,string,20053,0,0,0
ITCareerQuestions,2023-02,year_month,string,20053,0,0,0
ITCareerQuestions,2023-03,author,string,22476,0,0,0
ITCareerQuestions,2023-03,body,string,22476,0,0,0
ITCareerQuestions,2023-03,controversiality,Int64,22476,0,0,0
ITCareerQuestions,2023-03,created_utc,Int64,22476,0,0,0
ITCareerQuestions,2023-03,date_utc,string,22476,0,0,0
ITCareerQuestions,2023-03,distinguished,string,22476,22476,22476,0
ITCareerQuestions,2023-03,edited,string,22476,0,0,22476
ITCareerQuestions,2023-03,id,string,22476,0,0,0
ITCareerQuestions,2023-03,is_bot_name_heuristic,boolean,22476,0,0,0
ITCareerQuestions,2023-03,is_deleted_author,boolean,22476,0,0,0
ITCareerQuestions,2023-03,is_short_text,boolean,22476,0,0,0
ITCareerQuestions,2023-03,is_url_only,boolean,22476,0,0,0
ITCareerQuestions,2023-03,link_id,string,22476,0,0,0
ITCareerQuestions,2023-03,parent_id,string,22476,0,0,0
ITCareerQuestions,2023-03,permalink,string,22476,0,0,0
ITCareerQuestions,2023-03,score,Int64,22476,0,0,0
ITCareerQuestions,2023-03,stickied,boolean,22476,0,0,0
ITCareerQuestions,2023-03,subreddit,string,22476,0,0,0
ITCareerQuestions,2023-03,year_month,string,22476,0,0,0
ITCareerQuestions,2023-04,author,string,26348,0,0,0
ITCareerQuestions,2023-04,body,string,26348,0,0,0
ITCareerQuestions,2023-04,controversiality,Int64,26348,0,0,0
ITCareerQuestions,2023-04,created_utc,Int64,26348,0,0,0
ITCareerQuestions,2023-04,date_utc,string,26348,0,0,0
ITCareerQuestions,2023-04,distinguished,string,26348,26348,26348,0
ITCareerQuestions,2023-04,edited,string,26348,0,0,26348
ITCareerQuestions,2023-04,id,string,26348,0,0,0
ITCareerQuestions,2023-04,is_bot_name_heuristic,boolean,26348,0,0,0
ITCareerQuestions,2023-04,is_deleted_author,boolean,26348,0,0,0
ITCareerQuestions,2023-04,is_short_text,boolean,26348,0,0,0
ITCareerQuestions,2023-04,is_url_only,boolean,26348,0,0,0
ITCareerQuestions,2023-04,link_id,string,26348,0,0,0
ITCareerQuestions,2023-04,parent_id,string,26348,0,0,0
ITCareerQuestions,2023-04,permalink,string,26348,0,0,0
ITCareerQuestions,2023-04,score,Int64,26348,0,0,0
ITCareerQuestions,2023-04,stickied,boolean,26348,0,0,0
ITCareerQuestions,2023-04,subreddit,string,26348,0,0,0
ITCareerQuestions,2023-04,year_month,string,26348,0,0,0
NeutralPolitics,2022-11,author,string,394,0,0,0
NeutralPolitics,2022-11,body,string,394,0,0,0
NeutralPolitics,2022-11,controversiality,Int64,394,0,0,0
NeutralPolitics,2022-11,created_utc,Int64,394,0,0,0
NeutralPolitics,2022-11,date_utc,string,394,0,0,0
NeutralPolitics,2022-11,distinguished,string,394,394,394,0
NeutralPolitics,2022-11,edited,string,394,0,0,394
NeutralPolitics,2022-11,id,string,394,0,0,0
NeutralPolitics,2022-11,is_bot_name_heuristic,boolean,394,0,0,0
NeutralPolitics,2022-11,is_deleted_author,boolean,394,0,0,0
NeutralPolitics,2022-11,is_short_text,boolean,394,0,0,0
NeutralPolitics,2022-11,is_url_only,boolean,394,0,0,0
NeutralPolitics,2022-11,link_id,string,394,0,0,0
NeutralPolitics,2022-11,parent_id,string,394,0,0,0
NeutralPolitics,2022-11,permalink,string,394,0,0,0
NeutralPolitics,2022-11,score,Int64,394,0,0,0
NeutralPolitics,2022-11,stickied,boolean,394,0,0,0
NeutralPolitics,2022-11,subreddit,string,394,0,0,0
NeutralPolitics,2022-11,year_month,string,394,0,0,0
NeutralPolitics,2022-12,author,string,170,0,0,0
NeutralPolitics,2022-12,body,string,170,0,0,0
NeutralPolitics,2022-12,controversiality,Int64,170,0,0,0
NeutralPolitics,2022-12,created_utc,Int64,170,0,0,0
NeutralPolitics,2022-12,date_utc,string,170,0,0,0
NeutralPolitics,2022-12,distinguished,string,170,170,170,0
NeutralPolitics,2022-12,edited,string,170,0,0,170
NeutralPolitics,2022-12,id,string,170,0,0,0
NeutralPolitics,2022-12,is_bot_name_heuristic,boolean,170,0,0,0
NeutralPolitics,2022-12,is_deleted_author,boolean,170,0,0,0
NeutralPolitics,2022-12,is_short_text,boolean,170,0,0,0
NeutralPolitics,2022-12,is_url_only,boolean,170,0,0,0
NeutralPolitics,2022-12,link_id,string,170,0,0,0
NeutralPolitics,2022-12,parent_id,string,170,0,0,0
NeutralPolitics,2022-12,permalink,string,170,0,0,0
NeutralPolitics,2022-12,score,Int64,170,0,0,0
NeutralPolitics,2022-12,stickied,boolean,170,0,0,0
NeutralPolitics,2022-12,subreddit,string,170,0,0,0
NeutralPolitics,2022-12,year_month,string,170,0,0,0
NeutralPolitics,2023-01,author,string,233,0,0,0
NeutralPolitics,2023-01,body,string,233,0,0,0
NeutralPolitics,2023-01,controversiality,Int64,233,0,0,0
NeutralPolitics,2023-01,created_utc,Int64,233,0,0,0
NeutralPolitics,2023-01,date_utc,string,233,0,0,0
NeutralPolitics,2023-01,distinguished,string,233,233,233,0
NeutralPolitics,2023-01,edited,string,233,0,0,233
NeutralPolitics,2023-01,id,string,233,0,0,0
NeutralPolitics,2023-01,is_bot_name_heuristic,boolean,233,0,0,0
NeutralPolitics,2023-01,is_deleted_author,boolean,233,0,0,0
NeutralPolitics,2023-01,is_short_text,boolean,233,0,0,0
NeutralPolitics,2023-01,is_url_only,boolean,233,0,0,0
NeutralPolitics,2023-01,link_id,string,233,0,0,0
NeutralPolitics,2023-01,parent_id,string,233,0,0,0
NeutralPolitics,2023-01,permalink,string,233,0,0,0
NeutralPolitics,2023-01,score,Int64,233,0,0,0
NeutralPolitics,2023-01,stickied,boolean,233,0,0,0
NeutralPolitics,2023-01,subreddit,string,233,0,0,0
NeutralPolitics,2023-01,year_month,string,233,0,0,0
NeutralPolitics,2023-02,author,string,66,0,0,0
NeutralPolitics,2023-02,body,string,66,0,0,0
NeutralPolitics,2023-02,controversiality,Int64,66,0,0,0
NeutralPolitics,2023-02,created_utc,Int64,66,0,0,0
NeutralPolitics,2023-02,date_utc,string,66,0,0,0
NeutralPolitics,2023-02,distinguished,string,66,66,66,0
NeutralPolitics,2023-02,edited,string,66,0,0,66
NeutralPolitics,2023-02,id,string,66,0,0,0
NeutralPolitics,2023-02,is_bot_name_heuristic,boolean,66,0,0,0
NeutralPolitics,2023-02,is_deleted_author,boolean,66,0,0,0
NeutralPolitics,2023-02,is_short_text,boolean,66,0,0,0
NeutralPolitics,2023-02,is_url_only,boolean,66,0,0,0
NeutralPolitics,2023-02,link_id,string,66,0,0,0
NeutralPolitics,2023-02,parent_id,string,66,0,0,0
NeutralPolitics,2023-02,permalink,string,66,0,0,0
NeutralPolitics,2023-02,score,Int64,66,0,0,0
NeutralPolitics,2023-02,stickied,boolean,66,0,0,0
NeutralPolitics,2023-02,subreddit,string,66,0,0,0
NeutralPolitics,2023-02,year_month,string,66,0,0,0
NeutralPolitics,2023-03,author,string,288,0,0,0
NeutralPolitics,2023-03,body,string,288,0,0,0
NeutralPolitics,2023-03,controversiality,Int64,288,0,0,0
NeutralPolitics,2023-03,created_utc,Int64,288,0,0,0
NeutralPolitics,2023-03,date_utc,string,288,0,0,0
NeutralPolitics,2023-03,distinguished,string,288,288,288,0
NeutralPolitics,2023-03,edited,string,288,0,0,288
NeutralPolitics,2023-03,id,string,288,0,0,0
NeutralPolitics,2023-03,is_bot_name_heuristic,boolean,288,0,0,0
NeutralPolitics,2023-03,is_deleted_author,boolean,288,0,0,0
NeutralPolitics,2023-03,is_short_text,boolean,288,0,0,0
NeutralPolitics,2023-03,is_url_only,boolean,288,0,0,0
NeutralPolitics,2023-03,link_id,string,288,0,0,0
NeutralPolitics,2023-03,parent_id,string,288,0,0,0
NeutralPolitics,2023-03,permalink,string,288,0,0,0
NeutralPolitics,2023-03,score,Int64,288,0,0,0
NeutralPolitics,2023-03,stickied,boolean,288,0,0,0
NeutralPolitics,2023-03,subreddit,string,288,0,0,0
NeutralPolitics,2023-03,year_month,string,288,0,0,0
NeutralPolitics,2023-04,author,string,361,0,0,0
NeutralPolitics,2023-04,body,string,361,0,0,0
NeutralPolitics,2023-04,controversiality,Int64,361,0,0,0
NeutralPolitics,2023-04,created_utc,Int64,361,0,0,0
NeutralPolitics,2023-04,date_utc,string,361,0,0,0
NeutralPolitics,2023-04,distinguished,string,361,361,361,0
NeutralPolitics,2023-04,edited,string,361,0,0,361
NeutralPolitics,2023-04,id,string,361,0,0,0
NeutralPolitics,2023-04,is_bot_name_heuristic,boolean,361,0,0,0
NeutralPolitics,2023-04,is_deleted_author,boolean,361,0,0,0
NeutralPolitics,2023-04,is_short_text,boolean,361,0,0,0
NeutralPolitics,2023-04,is_url_only,boolean,361,0,0,0
NeutralPolitics,2023-04,link_id,string,361,0,0,0
NeutralPolitics,2023-04,parent_id,string,361,0,0,0
NeutralPolitics,2023-04,permalink,string,361,0,0,0
NeutralPolitics,2023-04,score,Int64,361,0,0,0
NeutralPolitics,2023-04,stickied,boolean,361,0,0,0
NeutralPolitics,2023-04,subreddit,string,361,0,0,0
NeutralPolitics,2023-04,year_month,string,361,0,0,0
OutOfTheLoop,2022-11,author,string,22729,0,0,0
OutOfTheLoop,2022-11,body,string,22729,0,0,0
OutOfTheLoop,2022-11,controversiality,Int64,22729,0,0,0
OutOfTheLoop,2022-11,created_utc,Int64,22729,0,0,0
OutOfTheLoop,2022-11,date_utc,string,22729,0,0,0
OutOfTheLoop,2022-11,distinguished,string,22729,22729,22729,0
OutOfTheLoop,2022-11,edited,string,22729,0,0,22729
OutOfTheLoop,2022-11,id,string,22729,0,0,0
OutOfTheLoop,2022-11,is_bot_name_heuristic,boolean,22729,0,0,0
OutOfTheLoop,2022-11,is_deleted_author,boolean,22729,0,0,0
OutOfTheLoop,2022-11,is_short_text,boolean,22729,0,0,0
OutOfTheLoop,2022-11,is_url_only,boolean,22729,0,0,0
OutOfTheLoop,2022-11,link_id,string,22729,0,0,0
OutOfTheLoop,2022-11,parent_id,string,22729,0,0,0
OutOfTheLoop,2022-11,permalink,string,22729,0,0,0
OutOfTheLoop,2022-11,score,Int64,22729,0,0,0
OutOfTheLoop,2022-11,stickied,boolean,22729,0,0,0
OutOfTheLoop,2022-11,subreddit,string,22729,0,0,0
OutOfTheLoop,2022-11,year_month,string,22729,0,0,0
OutOfTheLoop,2022-12,author,string,54173,0,0,0
OutOfTheLoop,2022-12,body,string,54173,0,0,0
OutOfTheLoop,2022-12,controversiality,Int64,54173,0,0,0
OutOfTheLoop,2022-12,created_utc,Int64,54173,0,0,0
OutOfTheLoop,2022-12,date_utc,string,54173,0,0,0
OutOfTheLoop,2022-12,distinguished,string,54173,54173,54173,0
OutOfTheLoop,2022-12,edited,string,54173,0,0,54173
OutOfTheLoop,2022-12,id,string,54173,0,0,0
OutOfTheLoop,2022-12,is_bot_name_heuristic,boolean,54173,0,0,0
OutOfTheLoop,2022-12,is_deleted_author,boolean,54173,0,0,0
OutOfTheLoop,2022-12,is_short_text,boolean,54173,0,0,0
OutOfTheLoop,2022-12,is_url_only,boolean,54173,0,0,0
OutOfTheLoop,2022-12,link_id,string,54173,0,0,0
OutOfTheLoop,2022-12,parent_id,string,54173,0,0,0
OutOfTheLoop,2022-12,permalink,string,54173,0,0,0
OutOfTheLoop,2022-12,score,Int64,54173,0,0,0
OutOfTheLoop,2022-12,stickied,boolean,54173,0,0,0
OutOfTheLoop,2022-12,subreddit,string,54173,0,0,0
OutOfTheLoop,2022-12,year_month,string,54173,0,0,0
OutOfTheLoop,2023-01,author,string,77608,0,0,0
OutOfTheLoop,2023-01,body,string,77608,0,0,0
OutOfTheLoop,2023-01,controversiality,Int64,77608,0,0,0
OutOfTheLoop,2023-01,created_utc,Int64,77608,0,0,0
OutOfTheLoop,2023-01,date_utc,string,77608,0,0,0
OutOfTheLoop,2023-01,distinguished,string,77608,77608,77608,0
OutOfTheLoop,2023-01,edited,string,77608,0,0,77608
OutOfTheLoop,2023-01,id,string,77608,0,0,0
OutOfTheLoop,2023-01,is_bot_name_heuristic,boolean,77608,0,0,0
OutOfTheLoop,2023-01,is_deleted_author,boolean,77608,0,0,0
OutOfTheLoop,2023-01,is_short_text,boolean,77608,0,0,0
OutOfTheLoop,2023-01,is_url_only,boolean,77608,0,0,0
OutOfTheLoop,2023-01,link_id,string,77608,0,0,0
OutOfTheLoop,2023-01,parent_id,string,77608,0,0,0
OutOfTheLoop,2023-01,permalink,string,77608,0,0,0
OutOfTheLoop,2023-01,score,Int64,77608,0,0,0
OutOfTheLoop,2023-01,stickied,boolean,77608,0,0,0
OutOfTheLoop,2023-01,subreddit,string,77608,0,0,0
OutOfTheLoop,2023-01,year_month,string,77608,0,0,0
OutOfTheLoop,2023-02,author,string,75651,0,0,0
OutOfTheLoop,2023-02,body,string,75651,0,0,0
OutOfTheLoop,2023-02,controversiality,Int64,75651,0,0,0
OutOfTheLoop,2023-02,created_utc,Int64,75651,0,0,0
OutOfTheLoop,2023-02,date_utc,string,75651,0,0,0
OutOfTheLoop,2023-02,distinguished,string,75651,75651,75651,0
OutOfTheLoop,2023-02,edited,string,75651,0,0,75651
OutOfTheLoop,2023-02,id,string,75651,0,0,0
OutOfTheLoop,2023-02,is_bot_name_heuristic,boolean,75651,0,0,0
OutOfTheLoop,2023-02,is_deleted_author,boolean,75651,0,0,0
OutOfTheLoop,2023-02,is_short_text,boolean,75651,0,0,0
OutOfTheLoop,2023-02,is_url_only,boolean,75651,0,0,0
OutOfTheLoop,2023-02,link_id,string,75651,0,0,0
OutOfTheLoop,2023-02,parent_id,string,75651,0,0,0
OutOfTheLoop,2023-02,permalink,string,75651,0,0,0
OutOfTheLoop,2023-02,score,Int64,75651,0,0,0
OutOfTheLoop,2023-02,stickied,boolean,75651,0,0,0
OutOfTheLoop,2023-02,subreddit,string,75651,0,0,0
OutOfTheLoop,2023-02,year_month,string,75651,0,0,0
OutOfTheLoop,2023-03,author,string,46784,0,0,0
OutOfTheLoop,2023-03,body,string,46784,0,0,0
OutOfTheLoop,2023-03,controversiality,Int64,46784,0,0,0
OutOfTheLoop,2023-03,created_utc,Int64,46784,0,0,0
OutOfTheLoop,2023-03,date_utc,string,46784,0,0,0
OutOfTheLoop,2023-03,distinguished,string,46784,46784,46784,0
OutOfTheLoop,2023-03,edited,string,46784,0,0,46784
OutOfTheLoop,2023-03,id,string,46784,0,0,0
OutOfTheLoop,2023-03,is_bot_name_heuristic,boolean,46784,0,0,0
OutOfTheLoop,2023-03,is_deleted_author,boolean,46784,0,0,0
OutOfTheLoop,2023-03,is_short_text,boolean,46784,0,0,0
OutOfTheLoop,2023-03,is_url_only,boolean,46784,0,0,0
OutOfTheLoop,2023-03,link_id,string,46784,0,0,0
OutOfTheLoop,2023-03,parent_id,string,46784,0,0,0
OutOfTheLoop,2023-03,permalink,string,46784,0,0,0
OutOfTheLoop,2023-03,score,Int64,46784,0,0,0
OutOfTheLoop,2023-03,stickied,boolean,46784,0,0,0
OutOfTheLoop,2023-03,subreddit,string,46784,0,0,0
OutOfTheLoop,2023-03,year_month,string,46784,0,0,0
OutOfTheLoop,2023-04,author,string,39796,0,0,0
OutOfTheLoop,2023-04,body,string,39796,0,0,0
OutOfTheLoop,2023-04,controversiality,Int64,39796,0,0,0
OutOfTheLoop,2023-04,created_utc,Int64,39796,0,0,0
OutOfTheLoop,2023-04,date_utc,string,39796,0,0,0
OutOfTheLoop,2023-04,distinguished,string,39796,39796,39796,0
OutOfTheLoop,2023-04,edited,string,39796,0,0,39796
OutOfTheLoop,2023-04,id,string,39796,0,0,0
OutOfTheLoop,2023-04,is_bot_name_heuristic,boolean,39796,0,0,0
OutOfTheLoop,2023-04,is_deleted_author,boolean,39796,0,0,0
OutOfTheLoop,2023-04,is_short_text,boolean,39796,0,0,0
OutOfTheLoop,2023-04,is_url_only,boolean,39796,0,0,0
OutOfTheLoop,2023-04,link_id,string,39796,0,0,0
OutOfTheLoop,2023-04,parent_id,string,39796,0,0,0
OutOfTheLoop,2023-04,permalink,string,39796,0,0,0
OutOfTheLoop,2023-04,score,Int64,39796,0,0,0
OutOfTheLoop,2023-04,stickied,boolean,39796,0,0,0
OutOfTheLoop,2023-04,subreddit,string,39796,0,0,0
OutOfTheLoop,2023-04,year_month,string,39796,0,0,0
PoliticalDiscussion,2022-11,author,string,36885,0,0,0
PoliticalDiscussion,2022-11,body,string,36885,0,0,0
PoliticalDiscussion,2022-11,controversiality,Int64,36885,0,0,0
PoliticalDiscussion,2022-11,created_utc,Int64,36885,0,0,0
PoliticalDiscussion,2022-11,date_utc,string,36885,0,0,0
PoliticalDiscussion,2022-11,distinguished,string,36885,36885,36885,0
PoliticalDiscussion,2022-11,edited,string,36885,0,0,36885
PoliticalDiscussion,2022-11,id,string,36885,0,0,0
PoliticalDiscussion,2022-11,is_bot_name_heuristic,boolean,36885,0,0,0
PoliticalDiscussion,2022-11,is_deleted_author,boolean,36885,0,0,0
PoliticalDiscussion,2022-11,is_short_text,boolean,36885,0,0,0
PoliticalDiscussion,2022-11,is_url_only,boolean,36885,0,0,0
PoliticalDiscussion,2022-11,link_id,string,36885,0,0,0
PoliticalDiscussion,2022-11,parent_id,string,36885,0,0,0
PoliticalDiscussion,2022-11,permalink,string,36885,0,0,0
PoliticalDiscussion,2022-11,score,Int64,36885,0,0,0
PoliticalDiscussion,2022-11,stickied,boolean,36885,0,0,0
PoliticalDiscussion,2022-11,subreddit,string,36885,0,0,0
PoliticalDiscussion,2022-11,year_month,string,36885,0,0,0
PoliticalDiscussion,2022-12,author,string,22480,0,0,0
PoliticalDiscussion,2022-12,body,string,22480,0,0,0
PoliticalDiscussion,2022-12,controversiality,Int64,22480,0,0,0
PoliticalDiscussion,2022-12,created_utc,Int64,22480,0,0,0
PoliticalDiscussion,2022-12,date_utc,string,22480,0,0,0
PoliticalDiscussion,2022-12,distinguished,string,22480,22480,22480,0
PoliticalDiscussion,2022-12,edited,string,22480,0,0,22480
PoliticalDiscussion,2022-12,id,string,22480,0,0,0
PoliticalDiscussion,2022-12,is_bot_name_heuristic,boolean,22480,0,0,0
PoliticalDiscussion,2022-12,is_deleted_author,boolean,22480,0,0,0
PoliticalDiscussion,2022-12,is_short_text,boolean,22480,0,0,0
PoliticalDiscussion,2022-12,is_url_only,boolean,22480,0,0,0
PoliticalDiscussion,2022-12,link_id,string,22480,0,0,0
PoliticalDiscussion,2022-12,parent_id,string,22480,0,0,0
PoliticalDiscussion,2022-12,permalink,string,22480,0,0,0
PoliticalDiscussion,2022-12,score,Int64,22480,0,0,0
PoliticalDiscussion,2022-12,stickied,boolean,22480,0,0,0
PoliticalDiscussion,2022-12,subreddit,string,22480,0,0,0
PoliticalDiscussion,2022-12,year_month,string,22480,0,0,0
PoliticalDiscussion,2023-01,author,string,22680,0,0,0
PoliticalDiscussion,2023-01,body,string,22680,0,0,0
PoliticalDiscussion,2023-01,controversiality,Int64,22680,0,0,0
PoliticalDiscussion,2023-01,created_utc,Int64,22680,0,0,0
PoliticalDiscussion,2023-01,date_utc,string,22680,0,0,0
PoliticalDiscussion,2023-01,distinguished,string,22680,22680,22680,0
PoliticalDiscussion,2023-01,edited,string,22680,0,0,22680
PoliticalDiscussion,2023-01,id,string,22680,0,0,0
PoliticalDiscussion,2023-01,is_bot_name_heuristic,boolean,22680,0,0,0
PoliticalDiscussion,2023-01,is_deleted_author,boolean,22680,0,0,0
PoliticalDiscussion,2023-01,is_short_text,boolean,22680,0,0,0
PoliticalDiscussion,2023-01,is_url_only,boolean,22680,0,0,0
PoliticalDiscussion,2023-01,link_id,string,22680,0,0,0
PoliticalDiscussion,2023-01,parent_id,string,22680,0,0,0
PoliticalDiscussion,2023-01,permalink,string,22680,0,0,0
PoliticalDiscussion,2023-01,score,Int64,22680,0,0,0
PoliticalDiscussion,2023-01,stickied,boolean,22680,0,0,0
PoliticalDiscussion,2023-01,subreddit,string,22680,0,0,0
PoliticalDiscussion,2023-01,year_month,string,22680,0,0,0
PoliticalDiscussion,2023-02,author,string,23477,0,0,0
PoliticalDiscussion,2023-02,body,string,23477,0,0,0
PoliticalDiscussion,2023-02,controversiality,Int64,23477,0,0,0
PoliticalDiscussion,2023-02,created_utc,Int64,23477,0,0,0
PoliticalDiscussion,2023-02,date_utc,string,23477,0,0,0
PoliticalDiscussion,2023-02,distinguished,string,23477,23477,23477,0
PoliticalDiscussion,2023-02,edited,string,23477,0,0,23477
PoliticalDiscussion,2023-02,id,string,23477,0,0,0
PoliticalDiscussion,2023-02,is_bot_name_heuristic,boolean,23477,0,0,0
PoliticalDiscussion,2023-02,is_deleted_author,boolean,23477,0,0,0
PoliticalDiscussion,2023-02,is_short_text,boolean,23477,0,0,0
PoliticalDiscussion,2023-02,is_url_only,boolean,23477,0,0,0
PoliticalDiscussion,2023-02,link_id,string,23477,0,0,0
PoliticalDiscussion,2023-02,parent_id,string,23477,0,0,0
PoliticalDiscussion,2023-02,permalink,string,23477,0,0,0
PoliticalDiscussion,2023-02,score,Int64,23477,0,0,0
PoliticalDiscussion,2023-02,stickied,boolean,23477,0,0,0
PoliticalDiscussion,2023-02,subreddit,string,23477,0,0,0
PoliticalDiscussion,2023-02,year_month,string,23477,0,0,0
PoliticalDiscussion,2023-03,author,string,26279,0,0,0
PoliticalDiscussion,2023-03,body,string,26279,0,0,0
PoliticalDiscussion,2023-03,controversiality,Int64,26279,0,0,0
PoliticalDiscussion,2023-03,created_utc,Int64,26279,0,0,0
PoliticalDiscussion,2023-03,date_utc,string,26279,0,0,0
PoliticalDiscussion,2023-03,distinguished,string,26279,26279,26279,0
PoliticalDiscussion,2023-03,edited,string,26279,0,0,26279
PoliticalDiscussion,2023-03,id,string,26279,0,0,0
PoliticalDiscussion,2023-03,is_bot_name_heuristic,boolean,26279,0,0,0
PoliticalDiscussion,2023-03,is_deleted_author,boolean,26279,0,0,0
PoliticalDiscussion,2023-03,is_short_text,boolean,26279,0,0,0
PoliticalDiscussion,2023-03,is_url_only,boolean,26279,0,0,0
PoliticalDiscussion,2023-03,link_id,string,26279,0,0,0
PoliticalDiscussion,2023-03,parent_id,string,26279,0,0,0
PoliticalDiscussion,2023-03,permalink,string,26279,0,0,0
PoliticalDiscussion,2023-03,score,Int64,26279,0,0,0
PoliticalDiscussion,2023-03,stickied,boolean,26279,0,0,0
PoliticalDiscussion,2023-03,subreddit,string,26279,0,0,0
PoliticalDiscussion,2023-03,year_month,string,26279,0,0,0
PoliticalDiscussion,2023-04,author,string,30487,0,0,0
PoliticalDiscussion,2023-04,body,string,30487,0,0,0
PoliticalDiscussion,2023-04,controversiality,Int64,30487,0,0,0
PoliticalDiscussion,2023-04,created_utc,Int64,30487,0,0,0
PoliticalDiscussion,2023-04,date_utc,string,30487,0,0,0
PoliticalDiscussion,2023-04,distinguished,string,30487,30487,30487,0
PoliticalDiscussion,2023-04,edited,string,30487,0,0,30487
PoliticalDiscussion,2023-04,id,string,30487,0,0,0
PoliticalDiscussion,2023-04,is_bot_name_heuristic,boolean,30487,0,0,0
PoliticalDiscussion,2023-04,is_deleted_author,boolean,30487,0,0,0
PoliticalDiscussion,2023-04,is_short_text,boolean,30487,0,0,0
PoliticalDiscussion,2023-04,is_url_only,boolean,30487,0,0,0
PoliticalDiscussion,2023-04,link_id,string,30487,0,0,0
PoliticalDiscussion,2023-04,parent_id,string,30487,0,0,0
PoliticalDiscussion,2023-04,permalink,string,30487,0,0,0
PoliticalDiscussion,2023-04,score,Int64,30487,0,0,0
PoliticalDiscussion,2023-04,stickied,boolean,30487,0,0,0
PoliticalDiscussion,2023-04,subreddit,string,30487,0,0,0
PoliticalDiscussion,2023-04,year_month,string,30487,0,0,0
TooAfraidToAsk,2022-11,author,string,111535,0,0,0
TooAfraidToAsk,2022-11,body,string,111535,0,0,0
TooAfraidToAsk,2022-11,controversiality,Int64,111535,0,0,0
TooAfraidToAsk,2022-11,created_utc,Int64,111535,0,0,0
TooAfraidToAsk,2022-11,date_utc,string,111535,0,0,0
TooAfraidToAsk,2022-11,distinguished,string,111535,111535,111535,0
TooAfraidToAsk,2022-11,edited,string,111535,0,0,111535
TooAfraidToAsk,2022-11,id,string,111535,0,0,0
TooAfraidToAsk,2022-11,is_bot_name_heuristic,boolean,111535,0,0,0
TooAfraidToAsk,2022-11,is_deleted_author,boolean,111535,0,0,0
TooAfraidToAsk,2022-11,is_short_text,boolean,111535,0,0,0
TooAfraidToAsk,2022-11,is_url_only,boolean,111535,0,0,0
TooAfraidToAsk,2022-11,link_id,string,111535,0,0,0
TooAfraidToAsk,2022-11,parent_id,string,111535,0,0,0
TooAfraidToAsk,2022-11,permalink,string,111535,0,0,0
TooAfraidToAsk,2022-11,score,Int64,111535,0,0,0
TooAfraidToAsk,2022-11,stickied,boolean,111535,0,0,0
TooAfraidToAsk,2022-11,subreddit,string,111535,0,0,0
TooAfraidToAsk,2022-11,year_month,string,111535,0,0,0
TooAfraidToAsk,2022-12,author,string,177946,0,0,0
TooAfraidToAsk,2022-12,body,string,177946,0,0,0
TooAfraidToAsk,2022-12,controversiality,Int64,177946,0,0,0
TooAfraidToAsk,2022-12,created_utc,Int64,177946,0,0,0
TooAfraidToAsk,2022-12,date_utc,string,177946,0,0,0
TooAfraidToAsk,2022-12,distinguished,string,177946,177946,177946,0
TooAfraidToAsk,2022-12,edited,string,177946,0,0,177946
TooAfraidToAsk,2022-12,id,string,177946,0,0,0
TooAfraidToAsk,2022-12,is_bot_name_heuristic,boolean,177946,0,0,0
TooAfraidToAsk,2022-12,is_deleted_author,boolean,177946,0,0,0
TooAfraidToAsk,2022-12,is_short_text,boolean,177946,0,0,0
TooAfraidToAsk,2022-12,is_url_only,boolean,177946,0,0,0
TooAfraidToAsk,2022-12,link_id,string,177946,0,0,0
TooAfraidToAsk,2022-12,parent_id,string,177946,0,0,0
TooAfraidToAsk,2022-12,permalink,string,177946,0,0,0
TooAfraidToAsk,2022-12,score,Int64,177946,0,0,0
TooAfraidToAsk,2022-12,stickied,boolean,177946,0,0,0
TooAfraidToAsk,2022-12,subreddit,string,177946,0,0,0
TooAfraidToAsk,2022-12,year_month,string,177946,0,0,0
TooAfraidToAsk,2023-01,author,string,214754,0,0,0
TooAfraidToAsk,2023-01,body,string,214754,0,0,0
TooAfraidToAsk,2023-01,controversiality,Int64,214754,0,0,0
TooAfraidToAsk,2023-01,created_utc,Int64,214754,0,0,0
TooAfraidToAsk,2023-01,date_utc,string,214754,0,0,0
TooAfraidToAsk,2023-01,distinguished,string,214754,214754,214754,0
TooAfraidToAsk,2023-01,edited,string,214754,0,0,214754
TooAfraidToAsk,2023-01,id,string,214754,0,0,0
TooAfraidToAsk,2023-01,is_bot_name_heuristic,boolean,214754,0,0,0
TooAfraidToAsk,2023-01,is_deleted_author,boolean,214754,0,0,0
TooAfraidToAsk,2023-01,is_short_text,boolean,214754,0,0,0
TooAfraidToAsk,2023-01,is_url_only,boolean,214754,0,0,0
TooAfraidToAsk,2023-01,link_id,string,214754,0,0,0
TooAfraidToAsk,2023-01,parent_id,string,214754,0,0,0
TooAfraidToAsk,2023-01,permalink,string,214754,0,0,0
TooAfraidToAsk,2023-01,score,Int64,214754,0,0,0
TooAfraidToAsk,2023-01,stickied,boolean,214754,0,0,0
TooAfraidToAsk,2023-01,subreddit,string,214754,0,0,0
TooAfraidToAsk,2023-01,year_month,string,214754,0,0,0
TooAfraidToAsk,2023-02,author,string,175792,0,0,0
TooAfraidToAsk,2023-02,body,string,175792,0,0,0
TooAfraidToAsk,2023-02,controversiality,Int64,175792,0,0,0
TooAfraidToAsk,2023-02,created_utc,Int64,175792,0,0,0
TooAfraidToAsk,2023-02,date_utc,string,175792,0,0,0
TooAfraidToAsk,2023-02,distinguished,string,175792,175792,175792,0
TooAfraidToAsk,2023-02,edited,string,175792,0,0,175792
TooAfraidToAsk,2023-02,id,string,175792,0,0,0
TooAfraidToAsk,2023-02,is_bot_name_heuristic,boolean,175792,0,0,0
TooAfraidToAsk,2023-02,is_deleted_author,boolean,175792,0,0,0
TooAfraidToAsk,2023-02,is_short_text,boolean,175792,0,0,0
TooAfraidToAsk,2023-02,is_url_only,boolean,175792,0,0,0
TooAfraidToAsk,2023-02,link_id,string,175792,0,0,0
TooAfraidToAsk,2023-02,parent_id,string,175792,0,0,0
TooAfraidToAsk,2023-02,permalink,string,175792,0,0,0
TooAfraidToAsk,2023-02,score,Int64,175792,0,0,0
TooAfraidToAsk,2023-02,stickied,boolean,175792,0,0,0
TooAfraidToAsk,2023-02,subreddit,string,175792,0,0,0
TooAfraidToAsk,2023-02,year_month,string,175792,0,0,0
TooAfraidToAsk,2023-03,author,string,153851,0,0,0
TooAfraidToAsk,2023-03,body,string,153851,0,0,0
TooAfraidToAsk,2023-03,controversiality,Int64,153851,0,0,0
TooAfraidToAsk,2023-03,created_utc,Int64,153851,0,0,0
TooAfraidToAsk,2023-03,date_utc,string,153851,0,0,0
TooAfraidToAsk,2023-03,distinguished,string,153851,153851,153851,0
TooAfraidToAsk,2023-03,edited,string,153851,0,0,153851
TooAfraidToAsk,2023-03,id,string,153851,0,0,0
TooAfraidToAsk,2023-03,is_bot_name_heuristic,boolean,153851,0,0,0
TooAfraidToAsk,2023-03,is_deleted_author,boolean,153851,0,0,0
TooAfraidToAsk,2023-03,is_short_text,boolean,153851,0,0,0
TooAfraidToAsk,2023-03,is_url_only,boolean,153851,0,0,0
TooAfraidToAsk,2023-03,link_id,string,153851,0,0,0
TooAfraidToAsk,2023-03,parent_id,string,153851,0,0,0
TooAfraidToAsk,2023-03,permalink,string,153851,0,0,0
TooAfraidToAsk,2023-03,score,Int64,153851,0,0,0
TooAfraidToAsk,2023-03,stickied,boolean,153851,0,0,0
TooAfraidToAsk,2023-03,subreddit,string,153851,0,0,0
TooAfraidToAsk,2023-03,year_month,string,153851,0,0,0
TooAfraidToAsk,2023-04,author,string,146856,0,0,0
TooAfraidToAsk,2023-04,body,string,146856,0,0,0
TooAfraidToAsk,2023-04,controversiality,Int64,146856,0,0,0
TooAfraidToAsk,2023-04,created_utc,Int64,146856,0,0,0
TooAfraidToAsk,2023-04,date_utc,string,146856,0,0,0
TooAfraidToAsk,2023-04,distinguished,string,146856,146856,146856,0
TooAfraidToAsk,2023-04,edited,string,146856,0,0,146856
TooAfraidToAsk,2023-04,id,string,146856,0,0,0
TooAfraidToAsk,2023-04,is_bot_name_heuristic,boolean,146856,0,0,0
TooAfraidToAsk,2023-04,is_deleted_author,boolean,146856,0,0,0
TooAfraidToAsk,2023-04,is_short_text,boolean,146856,0,0,0
TooAfraidToAsk,2023-04,is_url_only,boolean,146856,0,0,0
TooAfraidToAsk,2023-04,link_id,string,146856,0,0,0
TooAfraidToAsk,2023-04,parent_id,string,146856,0,0,0
TooAfraidToAsk,2023-04,permalink,string,146856,0,0,0
TooAfraidToAsk,2023-04,score,Int64,146856,0,0,0
TooAfraidToAsk,2023-04,stickied,boolean,146856,0,0,0
TooAfraidToAsk,2023-04,subreddit,string,146856,0,0,0
TooAfraidToAsk,2023-04,year_month,string,146856,0,0,0
answers,2022-11,author,string,11235,0,0,0
answers,2022-11,body,string,11235,0,0,0
answers,2022-11,controversiality,Int64,11235,0,0,0
answers,2022-11,created_utc,Int64,11235,0,0,0
answers,2022-11,date_utc,string,11235,0,0,0
answers,2022-11,distinguished,string,11235,11235,11235,0
answers,2022-11,edited,string,11235,0,0,11235
answers,2022-11,id,string,11235,0,0,0
answers,2022-11,is_bot_name_heuristic,boolean,11235,0,0,0
answers,2022-11,is_deleted_author,boolean,11235,0,0,0
answers,2022-11,is_short_text,boolean,11235,0,0,0
answers,2022-11,is_url_only,boolean,11235,0,0,0
answers,2022-11,link_id,string,11235,0,0,0
answers,2022-11,parent_id,string,11235,0,0,0
answers,2022-11,permalink,string,11235,0,0,0
answers,2022-11,score,Int64,11235,0,0,0
answers,2022-11,stickied,boolean,11235,0,0,0
answers,2022-11,subreddit,string,11235,0,0,0
answers,2022-11,year_month,string,11235,0,0,0
answers,2022-12,author,string,13273,0,0,0
answers,2022-12,body,string,13273,0,0,0
answers,2022-12,controversiality,Int64,13273,0,0,0
answers,2022-12,created_utc,Int64,13273,0,0,0
answers,2022-12,date_utc,string,13273,0,0,0
answers,2022-12,distinguished,string,13273,13273,13273,0
answers,2022-12,edited,string,13273,0,0,13273
answers,2022-12,id,string,13273,0,0,0
answers,2022-12,is_bot_name_heuristic,boolean,13273,0,0,0
answers,2022-12,is_deleted_author,boolean,13273,0,0,0
answers,2022-12,is_short_text,boolean,13273,0,0,0
answers,2022-12,is_url_only,boolean,13273,0,0,0
answers,2022-12,link_id,string,13273,0,0,0
answers,2022-12,parent_id,string,13273,0,0,0
answers,2022-12,permalink,string,13273,0,0,0
answers,2022-12,score,Int64,13273,0,0,0
answers,2022-12,stickied,boolean,13273,0,0,0
answers,2022-12,subreddit,string,13273,0,0,0
answers,2022-12,year_month,string,13273,0,0,0
answers,2023-01,author,string,8301,0,0,0
answers,2023-01,body,string,8301,0,0,0
answers,2023-01,controversiality,Int64,8301,0,0,0
answers,2023-01,created_utc,Int64,8301,0,0,0
answers,2023-01,date_utc,string,8301,0,0,0
answers,2023-01,distinguished,string,8301,8301,8301,0
answers,2023-01,edited,string,8301,0,0,8301
answers,2023-01,id,string,8301,0,0,0
answers,2023-01,is_bot_name_heuristic,boolean,8301,0,0,0
answers,2023-01,is_deleted_author,boolean,8301,0,0,0
answers,2023-01,is_short_text,boolean,8301,0,0,0
answers,2023-01,is_url_only,boolean,8301,0,0,0
answers,2023-01,link_id,string,8301,0,0,0
answers,2023-01,parent_id,string,8301,0,0,0
answers,2023-01,permalink,string,8301,0,0,0
answers,2023-01,score,Int64,8301,0,0,0
answers,2023-01,stickied,boolean,8301,0,0,0
answers,2023-01,subreddit,string,8301,0,0,0
answers,2023-01,year_month,string,8301,0,0,0
answers,2023-02,author,string,4881,0,0,0
answers,2023-02,body,string,4881,0,0,0
answers,2023-02,controversiality,Int64,4881,0,0,0
answers,2023-02,created_utc,Int64,4881,0,0,0
answers,2023-02,date_utc,string,4881,0,0,0
answers,2023-02,distinguished,string,4881,4881,4881,0
answers,2023-02,edited,string,4881,0,0,4881
answers,2023-02,id,string,4881,0,0,0
answers,2023-02,is_bot_name_heuristic,boolean,4881,0,0,0
answers,2023-02,is_deleted_author,boolean,4881,0,0,0
answers,2023-02,is_short_text,boolean,4881,0,0,0
answers,2023-02,is_url_only,boolean,4881,0,0,0
answers,2023-02,link_id,string,4881,0,0,0
answers,2023-02,parent_id,string,4881,0,0,0
answers,2023-02,permalink,string,4881,0,0,0
answers,2023-02,score,Int64,4881,0,0,0
answers,2023-02,stickied,boolean,4881,0,0,0
answers,2023-02,subreddit,string,4881,0,0,0
answers,2023-02,year_month,string,4881,0,0,0
answers,2023-03,author,string,7708,0,0,0
answers,2023-03,body,string,7708,0,0,0
answers,2023-03,controversiality,Int64,7708,0,0,0
answers,2023-03,created_utc,Int64,7708,0,0,0
answers,2023-03,date_utc,string,7708,0,0,0
answers,2023-03,distinguished,string,7708,7708,7708,0
answers,2023-03,edited,string,7708,0,0,7708
answers,2023-03,id,string,7708,0,0,0
answers,2023-03,is_bot_name_heuristic,boolean,7708,0,0,0
answers,2023-03,is_deleted_author,boolean,7708,0,0,0
answers,2023-03,is_short_text,boolean,7708,0,0,0
answers,2023-03,is_url_only,boolean,7708,0,0,0
answers,2023-03,link_id,string,7708,0,0,0
answers,2023-03,parent_id,string,7708,0,0,0
answers,2023-03,permalink,string,7708,0,0,0
answers,2023-03,score,Int64,7708,0,0,0
answers,2023-03,stickied,boolean,7708,0,0,0
answers,2023-03,subreddit,string,7708,0,0,0
answers,2023-03,year_month,string,7708,0,0,0
answers,2023-04,author,string,9099,0,0,0
answers,2023-04,body,string,9099,0,0,0
answers,2023-04,controversiality,Int64,9099,0,0,0
answers,2023-04,created_utc,Int64,9099,0,0,0
answers,2023-04,date_utc,string,9099,0,0,0
answers,2023-04,distinguished,string,9099,9099,9099,0
answers,2023-04,edited,string,9099,0,0,9099
answers,2023-04,id,string,9099,0,0,0
answers,2023-04,is_bot_name_heuristic,boolean,9099,0,0,0
answers,2023-04,is_deleted_author,boolean,9099,0,0,0
answers,2023-04,is_short_text,boolean,9099,0,0,0
answers,2023-04,is_url_only,boolean,9099,0,0,0
answers,2023-04,link_id,string,9099,0,0,0
answers,2023-04,parent_id,string,9099,0,0,0
answers,2023-04,permalink,string,9099,0,0,0
answers,2023-04,score,Int64,9099,0,0,0
answers,2023-04,stickied,boolean,9099,0,0,0
answers,2023-04,subreddit,string,9099,0,0,0
answers,2023-04,year_month,string,9099,0,0,0
csMajors,2022-11,author,string,32172,0,0,0
csMajors,2022-11,body,string,32172,0,0,0
csMajors,2022-11,controversiality,Int64,32172,0,0,0
csMajors,2022-11,created_utc,Int64,32172,0,0,0
csMajors,2022-11,date_utc,string,32172,0,0,0
csMajors,2022-11,distinguished,string,32172,32172,32172,0
csMajors,2022-11,edited,string,32172,0,0,32172
csMajors,2022-11,id,string,32172,0,0,0
csMajors,2022-11,is_bot_name_heuristic,boolean,32172,0,0,0
csMajors,2022-11,is_deleted_author,boolean,32172,0,0,0
csMajors,2022-11,is_short_text,boolean,32172,0,0,0
csMajors,2022-11,is_url_only,boolean,32172,0,0,0
csMajors,2022-11,link_id,string,32172,0,0,0
csMajors,2022-11,parent_id,string,32172,0,0,0
csMajors,2022-11,permalink,string,32172,0,0,0
csMajors,2022-11,score,Int64,32172,0,0,0
csMajors,2022-11,stickied,boolean,32172,0,0,0
csMajors,2022-11,subreddit,string,32172,0,0,0
csMajors,2022-11,year_month,string,32172,0,0,0
csMajors,2022-12,author,string,25704,0,0,0
csMajors,2022-12,body,string,25704,0,0,0
csMajors,2022-12,controversiality,Int64,25704,0,0,0
csMajors,2022-12,created_utc,Int64,25704,0,0,0
csMajors,2022-12,date_utc,string,25704,0,0,0
csMajors,2022-12,distinguished,string,25704,25704,25704,0
csMajors,2022-12,edited,string,25704,0,0,25704
csMajors,2022-12,id,string,25704,0,0,0
csMajors,2022-12,is_bot_name_heuristic,boolean,25704,0,0,0
csMajors,2022-12,is_deleted_author,boolean,25704,0,0,0
csMajors,2022-12,is_short_text,boolean,25704,0,0,0
csMajors,2022-12,is_url_only,boolean,25704,0,0,0
csMajors,2022-12,link_id,string,25704,0,0,0
csMajors,2022-12,parent_id,string,25704,0,0,0
csMajors,2022-12,permalink,string,25704,0,0,0
csMajors,2022-12,score,Int64,25704,0,0,0
csMajors,2022-12,stickied,boolean,25704,0,0,0
csMajors,2022-12,subreddit,string,25704,0,0,0
csMajors,2022-12,year_month,string,25704,0,0,0
csMajors,2023-01,author,string,20272,0,0,0
csMajors,2023-01,body,string,20272,0,0,0
csMajors,2023-01,controversiality,Int64,20272,0,0,0
csMajors,2023-01,created_utc,Int64,20272,0,0,0
csMajors,2023-01,date_utc,string,20272,0,0,0
csMajors,2023-01,distinguished,string,20272,20272,20272,0
csMajors,2023-01,edited,string,20272,0,0,20272
csMajors,2023-01,id,string,20272,0,0,0
csMajors,2023-01,is_bot_name_heuristic,boolean,20272,0,0,0
csMajors,2023-01,is_deleted_author,boolean,20272,0,0,0
csMajors,2023-01,is_short_text,boolean,20272,0,0,0
csMajors,2023-01,is_url_only,boolean,20272,0,0,0
csMajors,2023-01,link_id,string,20272,0,0,0
csMajors,2023-01,parent_id,string,20272,0,0,0
csMajors,2023-01,permalink,string,20272,0,0,0
csMajors,2023-01,score,Int64,20272,0,0,0
csMajors,2023-01,stickied,boolean,20272,0,0,0
csMajors,2023-01,subreddit,string,20272,0,0,0
csMajors,2023-01,year_month,string,20272,0,0,0
csMajors,2023-02,author,string,18456,0,0,0
csMajors,2023-02,body,string,18456,0,0,0
csMajors,2023-02,controversiality,Int64,18456,0,0,0
csMajors,2023-02,created_utc,Int64,18456,0,0,0
csMajors,2023-02,date_utc,string,18456,0,0,0
csMajors,2023-02,distinguished,string,18456,18456,18456,0
csMajors,2023-02,edited,string,18456,0,0,18456
csMajors,2023-02,id,string,18456,0,0,0
csMajors,2023-02,is_bot_name_heuristic,boolean,18456,0,0,0
csMajors,2023-02,is_deleted_author,boolean,18456,0,0,0
csMajors,2023-02,is_short_text,boolean,18456,0,0,0
csMajors,2023-02,is_url_only,boolean,18456,0,0,0
csMajors,2023-02,link_id,string,18456,0,0,0
csMajors,2023-02,parent_id,string,18456,0,0,0
csMajors,2023-02,permalink,string,18456,0,0,0
csMajors,2023-02,score,Int64,18456,0,0,0
csMajors,2023-02,stickied,boolean,18456,0,0,0
csMajors,2023-02,subreddit,string,18456,0,0,0
csMajors,2023-02,year_month,string,18456,0,0,0
csMajors,2023-03,author,string,20152,0,0,0
csMajors,2023-03,body,string,20152,0,0,0
csMajors,2023-03,controversiality,Int64,20152,0,0,0
csMajors,2023-03,created_utc,Int64,20152,0,0,0
csMajors,2023-03,date_utc,string,20152,0,0,0
csMajors,2023-03,distinguished,string,20152,20152,20152,0
csMajors,2023-03,edited,string,20152,0,0,20152
csMajors,2023-03,id,string,20152,0,0,0
csMajors,2023-03,is_bot_name_heuristic,boolean,20152,0,0,0
csMajors,2023-03,is_deleted_author,boolean,20152,0,0,0
csMajors,2023-03,is_short_text,boolean,20152,0,0,0
csMajors,2023-03,is_url_only,boolean,20152,0,0,0
csMajors,2023-03,link_id,string,20152,0,0,0
csMajors,2023-03,parent_id,string,20152,0,0,0
csMajors,2023-03,permalink,string,20152,0,0,0
csMajors,2023-03,score,Int64,20152,0,0,0
csMajors,2023-03,stickied,boolean,20152,0,0,0
csMajors,2023-03,subreddit,string,20152,0,0,0
csMajors,2023-03,year_month,string,20152,0,0,0
csMajors,2023-04,author,string,20248,0,0,0
csMajors,2023-04,body,string,20248,0,0,0
csMajors,2023-04,controversiality,Int64,20248,0,0,0
csMajors,2023-04,created_utc,Int64,20248,0,0,0
csMajors,2023-04,date_utc,string,20248,0,0,0
csMajors,2023-04,distinguished,string,20248,20248,20248,0
csMajors,2023-04,edited,string,20248,0,0,20248
csMajors,2023-04,id,string,20248,0,0,0
csMajors,2023-04,is_bot_name_heuristic,boolean,20248,0,0,0
csMajors,2023-04,is_deleted_author,boolean,20248,0,0,0
csMajors,2023-04,is_short_text,boolean,20248,0,0,0
csMajors,2023-04,is_url_only,boolean,20248,0,0,0
csMajors,2023-04,link_id,string,20248,0,0,0
csMajors,2023-04,parent_id,string,20248,0,0,0
csMajors,2023-04,permalink,string,20248,0,0,0
csMajors,2023-04,score,Int64,20248,0,0,0
csMajors,2023-04,stickied,boolean,20248,0,0,0
csMajors,2023-04,subreddit,string,20248,0,0,0
csMajors,2023-04,year_month,string,20248,0,0,0
cscareerquestions,2022-11,author,string,64337,0,0,0
cscareerquestions,2022-11,body,string,64337,0,0,0
cscareerquestions,2022-11,controversiality,Int64,64337,0,0,0
cscareerquestions,2022-11,created_utc,Int64,64337,0,0,0
cscareerquestions,2022-11,date_utc,string,64337,0,0,0
cscareerquestions,2022-11,distinguished,string,64337,64337,64337,0
cscareerquestions,2022-11,edited,string,64337,0,0,64337
cscareerquestions,2022-11,id,string,64337,0,0,0
cscareerquestions,2022-11,is_bot_name_heuristic,boolean,64337,0,0,0
cscareerquestions,2022-11,is_deleted_author,boolean,64337,0,0,0
cscareerquestions,2022-11,is_short_text,boolean,64337,0,0,0
cscareerquestions,2022-11,is_url_only,boolean,64337,0,0,0
cscareerquestions,2022-11,link_id,string,64337,0,0,0
cscareerquestions,2022-11,parent_id,string,64337,0,0,0
cscareerquestions,2022-11,permalink,string,64337,0,0,0
cscareerquestions,2022-11,score,Int64,64337,0,0,0
cscareerquestions,2022-11,stickied,boolean,64337,0,0,0
cscareerquestions,2022-11,subreddit,string,64337,0,0,0
cscareerquestions,2022-11,year_month,string,64337,0,0,0
cscareerquestions,2022-12,author,string,55946,0,0,0
cscareerquestions,2022-12,body,string,55946,0,0,0
cscareerquestions,2022-12,controversiality,Int64,55946,0,0,0
cscareerquestions,2022-12,created_utc,Int64,55946,0,0,0
cscareerquestions,2022-12,date_utc,string,55946,0,0,0
cscareerquestions,2022-12,distinguished,string,55946,55946,55946,0
cscareerquestions,2022-12,edited,string,55946,0,0,55946
cscareerquestions,2022-12,id,string,55946,0,0,0
cscareerquestions,2022-12,is_bot_name_heuristic,boolean,55946,0,0,0
cscareerquestions,2022-12,is_deleted_author,boolean,55946,0,0,0
cscareerquestions,2022-12,is_short_text,boolean,55946,0,0,0
cscareerquestions,2022-12,is_url_only,boolean,55946,0,0,0
cscareerquestions,2022-12,link_id,string,55946,0,0,0
cscareerquestions,2022-12,parent_id,string,55946,0,0,0
cscareerquestions,2022-12,permalink,string,55946,0,0,0
cscareerquestions,2022-12,score,Int64,55946,0,0,0
cscareerquestions,2022-12,stickied,boolean,55946,0,0,0
cscareerquestions,2022-12,subreddit,string,55946,0,0,0
cscareerquestions,2022-12,year_month,string,55946,0,0,0
cscareerquestions,2023-01,author,string,56075,0,0,0
cscareerquestions,2023-01,body,string,56075,0,0,0
cscareerquestions,2023-01,controversiality,Int64,56075,0,0,0
cscareerquestions,2023-01,created_utc,Int64,56075,0,0,0
cscareerquestions,2023-01,date_utc,string,56075,0,0,0
cscareerquestions,2023-01,distinguished,string,56075,56075,56075,0
cscareerquestions,2023-01,edited,string,56075,0,0,56075
cscareerquestions,2023-01,id,string,56075,0,0,0
cscareerquestions,2023-01,is_bot_name_heuristic,boolean,56075,0,0,0
cscareerquestions,2023-01,is_deleted_author,boolean,56075,0,0,0
cscareerquestions,2023-01,is_short_text,boolean,56075,0,0,0
cscareerquestions,2023-01,is_url_only,boolean,56075,0,0,0
cscareerquestions,2023-01,link_id,string,56075,0,0,0
cscareerquestions,2023-01,parent_id,string,56075,0,0,0
cscareerquestions,2023-01,permalink,string,56075,0,0,0
cscareerquestions,2023-01,score,Int64,56075,0,0,0
cscareerquestions,2023-01,stickied,boolean,56075,0,0,0
cscareerquestions,2023-01,subreddit,string,56075,0,0,0
cscareerquestions,2023-01,year_month,string,56075,0,0,0
cscareerquestions,2023-02,author,string,54147,0,0,0
cscareerquestions,2023-02,body,string,54147,0,0,0
cscareerquestions,2023-02,controversiality,Int64,54147,0,0,0
cscareerquestions,2023-02,created_utc,Int64,54147,0,0,0
cscareerquestions,2023-02,date_utc,string,54147,0,0,0
cscareerquestions,2023-02,distinguished,string,54147,54147,54147,0
cscareerquestions,2023-02,edited,string,54147,0,0,54147
cscareerquestions,2023-02,id,string,54147,0,0,0
cscareerquestions,2023-02,is_bot_name_heuristic,boolean,54147,0,0,0
cscareerquestions,2023-02,is_deleted_author,boolean,54147,0,0,0
cscareerquestions,2023-02,is_short_text,boolean,54147,0,0,0
cscareerquestions,2023-02,is_url_only,boolean,54147,0,0,0
cscareerquestions,2023-02,link_id,string,54147,0,0,0
cscareerquestions,2023-02,parent_id,string,54147,0,0,0
cscareerquestions,2023-02,permalink,string,54147,0,0,0
cscareerquestions,2023-02,score,Int64,54147,0,0,0
cscareerquestions,2023-02,stickied,boolean,54147,0,0,0
cscareerquestions,2023-02,subreddit,string,54147,0,0,0
cscareerquestions,2023-02,year_month,string,54147,0,0,0
cscareerquestions,2023-03,author,string,58478,0,0,0
cscareerquestions,2023-03,body,string,58478,0,0,0
cscareerquestions,2023-03,controversiality,Int64,58478,0,0,0
cscareerquestions,2023-03,created_utc,Int64,58478,0,0,0
cscareerquestions,2023-03,date_utc,string,58478,0,0,0
cscareerquestions,2023-03,distinguished,string,58478,58478,58478,0
cscareerquestions,2023-03,edited,string,58478,0,0,58478
cscareerquestions,2023-03,id,string,58478,0,0,0
cscareerquestions,2023-03,is_bot_name_heuristic,boolean,58478,0,0,0
cscareerquestions,2023-03,is_deleted_author,boolean,58478,0,0,0
cscareerquestions,2023-03,is_short_text,boolean,58478,0,0,0
cscareerquestions,2023-03,is_url_only,boolean,58478,0,0,0
cscareerquestions,2023-03,link_id,string,58478,0,0,0
cscareerquestions,2023-03,parent_id,string,58478,0,0,0
cscareerquestions,2023-03,permalink,string,58478,0,0,0
cscareerquestions,2023-03,score,Int64,58478,0,0,0
cscareerquestions,2023-03,stickied,boolean,58478,0,0,0
cscareerquestions,2023-03,subreddit,string,58478,0,0,0
cscareerquestions,2023-03,year_month,string,58478,0,0,0
cscareerquestions,2023-04,author,string,60003,0,0,0
cscareerquestions,2023-04,body,string,60003,0,0,0
cscareerquestions,2023-04,controversiality,Int64,60003,0,0,0
cscareerquestions,2023-04,created_utc,Int64,60003,0,0,0
cscareerquestions,2023-04,date_utc,string,60003,0,0,0
cscareerquestions,2023-04,distinguished,string,60003,60003,60003,0
cscareerquestions,2023-04,edited,string,60003,0,0,60003
cscareerquestions,2023-04,id,string,60003,0,0,0
cscareerquestions,2023-04,is_bot_name_heuristic,boolean,60003,0,0,0
cscareerquestions,2023-04,is_deleted_author,boolean,60003,0,0,0
cscareerquestions,2023-04,is_short_text,boolean,60003,0,0,0
cscareerquestions,2023-04,is_url_only,boolean,60003,0,0,0
cscareerquestions,2023-04,link_id,string,60003,0,0,0
cscareerquestions,2023-04,parent_id,string,60003,0,0,0
cscareerquestions,2023-04,permalink,string,60003,0,0,0
cscareerquestions,2023-04,score,Int64,60003,0,0,0
cscareerquestions,2023-04,stickied,boolean,60003,0,0,0
cscareerquestions,2023-04,subreddit,string,60003,0,0,0
cscareerquestions,2023-04,year_month,string,60003,0,0,0
learnprogramming,2022-11,author,string,36989,0,0,0
learnprogramming,2022-11,body,string,36989,0,0,0
learnprogramming,2022-11,controversiality,Int64,36989,0,0,0
learnprogramming,2022-11,created_utc,Int64,36989,0,0,0
learnprogramming,2022-11,date_utc,string,36989,0,0,0
learnprogramming,2022-11,distinguished,string,36989,36989,36989,0
learnprogramming,2022-11,edited,string,36989,0,0,36989
learnprogramming,2022-11,id,string,36989,0,0,0
learnprogramming,2022-11,is_bot_name_heuristic,boolean,36989,0,0,0
learnprogramming,2022-11,is_deleted_author,boolean,36989,0,0,0
learnprogramming,2022-11,is_short_text,boolean,36989,0,0,0
learnprogramming,2022-11,is_url_only,boolean,36989,0,0,0
learnprogramming,2022-11,link_id,string,36989,0,0,0
learnprogramming,2022-11,parent_id,string,36989,0,0,0
learnprogramming,2022-11,permalink,string,36989,0,0,0
learnprogramming,2022-11,score,Int64,36989,0,0,0
learnprogramming,2022-11,stickied,boolean,36989,0,0,0
learnprogramming,2022-11,subreddit,string,36989,0,0,0
learnprogramming,2022-11,year_month,string,36989,0,0,0
learnprogramming,2022-12,author,string,31340,0,0,0
learnprogramming,2022-12,body,string,31340,0,0,0
learnprogramming,2022-12,controversiality,Int64,31340,0,0,0
learnprogramming,2022-12,created_utc,Int64,31340,0,0,0
learnprogramming,2022-12,date_utc,string,31340,0,0,0
learnprogramming,2022-12,distinguished,string,31340,31340,31340,0
learnprogramming,2022-12,edited,string,31340,0,0,31340
learnprogramming,2022-12,id,string,31340,0,0,0
learnprogramming,2022-12,is_bot_name_heuristic,boolean,31340,0,0,0
learnprogramming,2022-12,is_deleted_author,boolean,31340,0,0,0
learnprogramming,2022-12,is_short_text,boolean,31340,0,0,0
learnprogramming,2022-12,is_url_only,boolean,31340,0,0,0
learnprogramming,2022-12,link_id,string,31340,0,0,0
learnprogramming,2022-12,parent_id,string,31340,0,0,0
learnprogramming,2022-12,permalink,string,31340,0,0,0
learnprogramming,2022-12,score,Int64,31340,0,0,0
learnprogramming,2022-12,stickied,boolean,31340,0,0,0
learnprogramming,2022-12,subreddit,string,31340,0,0,0
learnprogramming,2022-12,year_month,string,31340,0,0,0
learnprogramming,2023-01,author,string,31677,0,0,0
learnprogramming,2023-01,body,string,31677,0,0,0
learnprogramming,2023-01,controversiality,Int64,31677,0,0,0
learnprogramming,2023-01,created_utc,Int64,31677,0,0,0
learnprogramming,2023-01,date_utc,string,31677,0,0,0
learnprogramming,2023-01,distinguished,string,31677,31677,31677,0
learnprogramming,2023-01,edited,string,31677,0,0,31677
learnprogramming,2023-01,id,string,31677,0,0,0
learnprogramming,2023-01,is_bot_name_heuristic,boolean,31677,0,0,0
learnprogramming,2023-01,is_deleted_author,boolean,31677,0,0,0
learnprogramming,2023-01,is_short_text,boolean,31677,0,0,0
learnprogramming,2023-01,is_url_only,boolean,31677,0,0,0
learnprogramming,2023-01,link_id,string,31677,0,0,0
learnprogramming,2023-01,parent_id,string,31677,0,0,0
learnprogramming,2023-01,permalink,string,31677,0,0,0
learnprogramming,2023-01,score,Int64,31677,0,0,0
learnprogramming,2023-01,stickied,boolean,31677,0,0,0
learnprogramming,2023-01,subreddit,string,31677,0,0,0
learnprogramming,2023-01,year_month,string,31677,0,0,0
learnprogramming,2023-02,author,string,30009,0,0,0
learnprogramming,2023-02,body,string,30009,0,0,0
learnprogramming,2023-02,controversiality,Int64,30009,0,0,0
learnprogramming,2023-02,created_utc,Int64,30009,0,0,0
learnprogramming,2023-02,date_utc,string,30009,0,0,0
learnprogramming,2023-02,distinguished,string,30009,30009,30009,0
learnprogramming,2023-02,edited,string,30009,0,0,30009
learnprogramming,2023-02,id,string,30009,0,0,0
learnprogramming,2023-02,is_bot_name_heuristic,boolean,30009,0,0,0
learnprogramming,2023-02,is_deleted_author,boolean,30009,0,0,0
learnprogramming,2023-02,is_short_text,boolean,30009,0,0,0
learnprogramming,2023-02,is_url_only,boolean,30009,0,0,0
learnprogramming,2023-02,link_id,string,30009,0,0,0
learnprogramming,2023-02,parent_id,string,30009,0,0,0
learnprogramming,2023-02,permalink,string,30009,0,0,0
learnprogramming,2023-02,score,Int64,30009,0,0,0
learnprogramming,2023-02,stickied,boolean,30009,0,0,0
learnprogramming,2023-02,subreddit,string,30009,0,0,0
learnprogramming,2023-02,year_month,string,30009,0,0,0
learnprogramming,2023-03,author,string,28719,0,0,0
learnprogramming,2023-03,body,string,28719,0,0,0
learnprogramming,2023-03,controversiality,Int64,28719,0,0,0
learnprogramming,2023-03,created_utc,Int64,28719,0,0,0
learnprogramming,2023-03,date_utc,string,28719,0,0,0
learnprogramming,2023-03,distinguished,string,28719,28719,28719,0
learnprogramming,2023-03,edited,string,28719,0,0,28719
learnprogramming,2023-03,id,string,28719,0,0,0
learnprogramming,2023-03,is_bot_name_heuristic,boolean,28719,0,0,0
learnprogramming,2023-03,is_deleted_author,boolean,28719,0,0,0
learnprogramming,2023-03,is_short_text,boolean,28719,0,0,0
learnprogramming,2023-03,is_url_only,boolean,28719,0,0,0
learnprogramming,2023-03,link_id,string,28719,0,0,0
learnprogramming,2023-03,parent_id,string,28719,0,0,0
learnprogramming,2023-03,permalink,string,28719,0,0,0
learnprogramming,2023-03,score,Int64,28719,0,0,0
learnprogramming,2023-03,stickied,boolean,28719,0,0,0
learnprogramming,2023-03,subreddit,string,28719,0,0,0
learnprogramming,2023-03,year_month,string,28719,0,0,0
learnprogramming,2023-04,author,string,29155,0,0,0
learnprogramming,2023-04,body,string,29155,0,0,0
learnprogramming,2023-04,controversiality,Int64,29155,0,0,0
learnprogramming,2023-04,created_utc,Int64,29155,0,0,0
learnprogramming,2023-04,date_utc,string,29155,0,0,0
learnprogramming,2023-04,distinguished,string,29155,29155,29155,0
learnprogramming,2023-04,edited,string,29155,0,0,29155
learnprogramming,2023-04,id,string,29155,0,0,0
learnprogramming,2023-04,is_bot_name_heuristic,boolean,29155,0,0,0
learnprogramming,2023-04,is_deleted_author,boolean,29155,0,0,0
learnprogramming,2023-04,is_short_text,boolean,29155,0,0,0
learnprogramming,2023-04,is_url_only,boolean,29155,0,0,0
learnprogramming,2023-04,link_id,string,29155,0,0,0
learnprogramming,2023-04,parent_id,string,29155,0,0,0
learnprogramming,2023-04,permalink,string,29155,0,0,0
learnprogramming,2023-04,score,Int64,29155,0,0,0
learnprogramming,2023-04,stickied,boolean,29155,0,0,0
learnprogramming,2023-04,subreddit,string,29155,0,0,0
learnprogramming,2023-04,year_month,string,29155,0,0,0
moderatepolitics,2022-11,author,string,45453,0,0,0
moderatepolitics,2022-11,body,string,45453,0,0,0
moderatepolitics,2022-11,controversiality,Int64,45453,0,0,0
moderatepolitics,2022-11,created_utc,Int64,45453,0,0,0
moderatepolitics,2022-11,date_utc,string,45453,0,0,0
moderatepolitics,2022-11,distinguished,string,45453,45453,45453,0
moderatepolitics,2022-11,edited,string,45453,0,0,45453
moderatepolitics,2022-11,id,string,45453,0,0,0
moderatepolitics,2022-11,is_bot_name_heuristic,boolean,45453,0,0,0
moderatepolitics,2022-11,is_deleted_author,boolean,45453,0,0,0
moderatepolitics,2022-11,is_short_text,boolean,45453,0,0,0
moderatepolitics,2022-11,is_url_only,boolean,45453,0,0,0
moderatepolitics,2022-11,link_id,string,45453,0,0,0
moderatepolitics,2022-11,parent_id,string,45453,0,0,0
moderatepolitics,2022-11,permalink,string,45453,0,0,0
moderatepolitics,2022-11,score,Int64,45453,0,0,0
moderatepolitics,2022-11,stickied,boolean,45453,0,0,0
moderatepolitics,2022-11,subreddit,string,45453,0,0,0
moderatepolitics,2022-11,year_month,string,45453,0,0,0
moderatepolitics,2022-12,author,string,23681,0,0,0
moderatepolitics,2022-12,body,string,23681,0,0,0
moderatepolitics,2022-12,controversiality,Int64,23681,0,0,0
moderatepolitics,2022-12,created_utc,Int64,23681,0,0,0
moderatepolitics,2022-12,date_utc,string,23681,0,0,0
moderatepolitics,2022-12,distinguished,string,23681,23681,23681,0
moderatepolitics,2022-12,edited,string,23681,0,0,23681
moderatepolitics,2022-12,id,string,23681,0,0,0
moderatepolitics,2022-12,is_bot_name_heuristic,boolean,23681,0,0,0
moderatepolitics,2022-12,is_deleted_author,boolean,23681,0,0,0
moderatepolitics,2022-12,is_short_text,boolean,23681,0,0,0
moderatepolitics,2022-12,is_url_only,boolean,23681,0,0,0
moderatepolitics,2022-12,link_id,string,23681,0,0,0
moderatepolitics,2022-12,parent_id,string,23681,0,0,0
moderatepolitics,2022-12,permalink,string,23681,0,0,0
moderatepolitics,2022-12,score,Int64,23681,0,0,0
moderatepolitics,2022-12,stickied,boolean,23681,0,0,0
moderatepolitics,2022-12,subreddit,string,23681,0,0,0
moderatepolitics,2022-12,year_month,string,23681,0,0,0
moderatepolitics,2023-01,author,string,36790,0,0,0
moderatepolitics,2023-01,body,string,36790,0,0,0
moderatepolitics,2023-01,controversiality,Int64,36790,0,0,0
moderatepolitics,2023-01,created_utc,Int64,36790,0,0,0
moderatepolitics,2023-01,date_utc,string,36790,0,0,0
moderatepolitics,2023-01,distinguished,string,36790,36790,36790,0
moderatepolitics,2023-01,edited,string,36790,0,0,36790
moderatepolitics,2023-01,id,string,36790,0,0,0
moderatepolitics,2023-01,is_bot_name_heuristic,boolean,36790,0,0,0
moderatepolitics,2023-01,is_deleted_author,boolean,36790,0,0,0
moderatepolitics,2023-01,is_short_text,boolean,36790,0,0,0
moderatepolitics,2023-01,is_url_only,boolean,36790,0,0,0
moderatepolitics,2023-01,link_id,string,36790,0,0,0
moderatepolitics,2023-01,parent_id,string,36790,0,0,0
moderatepolitics,2023-01,permalink,string,36790,0,0,0
moderatepolitics,2023-01,score,Int64,36790,0,0,0
moderatepolitics,2023-01,stickied,boolean,36790,0,0,0
moderatepolitics,2023-01,subreddit,string,36790,0,0,0
moderatepolitics,2023-01,year_month,string,36790,0,0,0
moderatepolitics,2023-02,author,string,34462,0,0,0
moderatepolitics,2023-02,body,string,34462,0,0,0
moderatepolitics,2023-02,controversiality,Int64,34462,0,0,0
moderatepolitics,2023-02,created_utc,Int64,34462,0,0,0
moderatepolitics,2023-02,date_utc,string,34462,0,0,0
moderatepolitics,2023-02,distinguished,string,34462,34462,34462,0
moderatepolitics,2023-02,edited,string,34462,0,0,34462
moderatepolitics,2023-02,id,string,34462,0,0,0
moderatepolitics,2023-02,is_bot_name_heuristic,boolean,34462,0,0,0
moderatepolitics,2023-02,is_deleted_author,boolean,34462,0,0,0
moderatepolitics,2023-02,is_short_text,boolean,34462,0,0,0
moderatepolitics,2023-02,is_url_only,boolean,34462,0,0,0
moderatepolitics,2023-02,link_id,string,34462,0,0,0
moderatepolitics,2023-02,parent_id,string,34462,0,0,0
moderatepolitics,2023-02,permalink,string,34462,0,0,0
moderatepolitics,2023-02,score,Int64,34462,0,0,0
moderatepolitics,2023-02,stickied,boolean,34462,0,0,0
moderatepolitics,2023-02,subreddit,string,34462,0,0,0
moderatepolitics,2023-02,year_month,string,34462,0,0,0
moderatepolitics,2023-03,author,string,37175,0,0,0
moderatepolitics,2023-03,body,string,37175,0,0,0
moderatepolitics,2023-03,controversiality,Int64,37175,0,0,0
moderatepolitics,2023-03,created_utc,Int64,37175,0,0,0
moderatepolitics,2023-03,date_utc,string,37175,0,0,0
moderatepolitics,2023-03,distinguished,string,37175,37175,37175,0
moderatepolitics,2023-03,edited,string,37175,0,0,37175
moderatepolitics,2023-03,id,string,37175,0,0,0
moderatepolitics,2023-03,is_bot_name_heuristic,boolean,37175,0,0,0
moderatepolitics,2023-03,is_deleted_author,boolean,37175,0,0,0
moderatepolitics,2023-03,is_short_text,boolean,37175,0,0,0
moderatepolitics,2023-03,is_url_only,boolean,37175,0,0,0
moderatepolitics,2023-03,link_id,string,37175,0,0,0
moderatepolitics,2023-03,parent_id,string,37175,0,0,0
moderatepolitics,2023-03,permalink,string,37175,0,0,0
moderatepolitics,2023-03,score,Int64,37175,0,0,0
moderatepolitics,2023-03,stickied,boolean,37175,0,0,0
moderatepolitics,2023-03,subreddit,string,37175,0,0,0
moderatepolitics,2023-03,year_month,string,37175,0,0,0
moderatepolitics,2023-04,author,string,39500,0,0,0
moderatepolitics,2023-04,body,string,39500,0,0,0
moderatepolitics,2023-04,controversiality,Int64,39500,0,0,0
moderatepolitics,2023-04,created_utc,Int64,39500,0,0,0
moderatepolitics,2023-04,date_utc,string,39500,0,0,0
moderatepolitics,2023-04,distinguished,string,39500,39500,39500,0
moderatepolitics,2023-04,edited,string,39500,0,0,39500
moderatepolitics,2023-04,id,string,39500,0,0,0
moderatepolitics,2023-04,is_bot_name_heuristic,boolean,39500,0,0,0
moderatepolitics,2023-04,is_deleted_author,boolean,39500,0,0,0
moderatepolitics,2023-04,is_short_text,boolean,39500,0,0,0
moderatepolitics,2023-04,is_url_only,boolean,39500,0,0,0
moderatepolitics,2023-04,link_id,string,39500,0,0,0
moderatepolitics,2023-04,parent_id,string,39500,0,0,0
moderatepolitics,2023-04,permalink,string,39500,0,0,0
moderatepolitics,2023-04,score,Int64,39500,0,0,0
moderatepolitics,2023-04,stickied,boolean,39500,0,0,0
moderatepolitics,2023-04,subreddit,string,39500,0,0,0
moderatepolitics,2023-04,year_month,string,39500,0,0,0
politics,2022-11,author,string,1085482,0,0,0
politics,2022-11,body,string,1085482,0,0,0
politics,2022-11,controversiality,Int64,1085482,0,0,0
politics,2022-11,created_utc,Int64,1085482,0,0,0
politics,2022-11,date_utc,string,1085482,0,0,0
politics,2022-11,distinguished,string,1085482,1085482,1085482,0
politics,2022-11,edited,string,1085482,0,0,1085482
politics,2022-11,id,string,1085482,0,0,0
politics,2022-11,is_bot_name_heuristic,boolean,1085482,0,0,0
politics,2022-11,is_deleted_author,boolean,1085482,0,0,0
politics,2022-11,is_short_text,boolean,1085482,0,0,0
politics,2022-11,is_url_only,boolean,1085482,0,0,0
politics,2022-11,link_id,string,1085482,0,0,0
politics,2022-11,parent_id,string,1085482,0,0,0
politics,2022-11,permalink,string,1085482,0,0,0
politics,2022-11,score,Int64,1085482,0,0,0
politics,2022-11,stickied,boolean,1085482,0,0,0
politics,2022-11,subreddit,string,1085482,0,0,0
politics,2022-11,year_month,string,1085482,0,0,0
politics,2022-12,author,string,618742,0,0,0
politics,2022-12,body,string,618742,0,0,0
politics,2022-12,controversiality,Int64,618742,0,0,0
politics,2022-12,created_utc,Int64,618742,0,0,0
politics,2022-12,date_utc,string,618742,0,0,0
politics,2022-12,distinguished,string,618742,618742,618742,0
politics,2022-12,edited,string,618742,0,0,618742
politics,2022-12,id,string,618742,0,0,0
politics,2022-12,is_bot_name_heuristic,boolean,618742,0,0,0
politics,2022-12,is_deleted_author,boolean,618742,0,0,0
politics,2022-12,is_short_text,boolean,618742,0,0,0
politics,2022-12,is_url_only,boolean,618742,0,0,0
politics,2022-12,link_id,string,618742,0,0,0
politics,2022-12,parent_id,string,618742,0,0,0
politics,2022-12,permalink,string,618742,0,0,0
politics,2022-12,score,Int64,618742,0,0,0
politics,2022-12,stickied,boolean,618742,0,0,0
politics,2022-12,subreddit,string,618742,0,0,0
politics,2022-12,year_month,string,618742,0,0,0
politics,2023-01,author,string,757789,0,0,0
politics,2023-01,body,string,757789,0,0,0
politics,2023-01,controversiality,Int64,757789,0,0,0
politics,2023-01,created_utc,Int64,757789,0,0,0
politics,2023-01,date_utc,string,757789,0,0,0
politics,2023-01,distinguished,string,757789,757789,757789,0
politics,2023-01,edited,string,757789,0,0,757789
politics,2023-01,id,string,757789,0,0,0
politics,2023-01,is_bot_name_heuristic,boolean,757789,0,0,0
politics,2023-01,is_deleted_author,boolean,757789,0,0,0
politics,2023-01,is_short_text,boolean,757789,0,0,0
politics,2023-01,is_url_only,boolean,757789,0,0,0
politics,2023-01,link_id,string,757789,0,0,0
politics,2023-01,parent_id,string,757789,0,0,0
politics,2023-01,permalink,string,757789,0,0,0
politics,2023-01,score,Int64,757789,0,0,0
politics,2023-01,stickied,boolean,757789,0,0,0
politics,2023-01,subreddit,string,757789,0,0,0
politics,2023-01,year_month,string,757789,0,0,0
politics,2023-02,author,string,563077,0,0,0
politics,2023-02,body,string,563077,0,0,0
politics,2023-02,controversiality,Int64,563077,0,0,0
politics,2023-02,created_utc,Int64,563077,0,0,0
politics,2023-02,date_utc,string,563077,0,0,0
politics,2023-02,distinguished,string,563077,563077,563077,0
politics,2023-02,edited,string,563077,0,0,563077
politics,2023-02,id,string,563077,0,0,0
politics,2023-02,is_bot_name_heuristic,boolean,563077,0,0,0
politics,2023-02,is_deleted_author,boolean,563077,0,0,0
politics,2023-02,is_short_text,boolean,563077,0,0,0
politics,2023-02,is_url_only,boolean,563077,0,0,0
politics,2023-02,link_id,string,563077,0,0,0
politics,2023-02,parent_id,string,563077,0,0,0
politics,2023-02,permalink,string,563077,0,0,0
politics,2023-02,score,Int64,563077,0,0,0
politics,2023-02,stickied,boolean,563077,0,0,0
politics,2023-02,subreddit,string,563077,0,0,0
politics,2023-02,year_month,string,563077,0,0,0
politics,2023-03,author,string,700340,0,0,0
politics,2023-03,body,string,700340,0,0,0
politics,2023-03,controversiality,Int64,700340,0,0,0
politics,2023-03,created_utc,Int64,700340,0,0,0
politics,2023-03,date_utc,string,700340,0,0,0
politics,2023-03,distinguished,string,700340,700340,700340,0
politics,2023-03,edited,string,700340,0,0,700340
politics,2023-03,id,string,700340,0,0,0
politics,2023-03,is_bot_name_heuristic,boolean,700340,0,0,0
politics,2023-03,is_deleted_author,boolean,700340,0,0,0
politics,2023-03,is_short_text,boolean,700340,0,0,0
politics,2023-03,is_url_only,boolean,700340,0,0,0
politics,2023-03,link_id,string,700340,0,0,0
politics,2023-03,parent_id,string,700340,0,0,0
politics,2023-03,permalink,string,700340,0,0,0
politics,2023-03,score,Int64,700340,0,0,0
politics,2023-03,stickied,boolean,700340,0,0,0
politics,2023-03,subreddit,string,700340,0,0,0
politics,2023-03,year_month,string,700340,0,0,0
politics,2023-04,author,string,752710,0,0,0
politics,2023-04,body,string,752710,0,0,0
politics,2023-04,controversiality,Int64,752710,0,0,0
politics,2023-04,created_utc,Int64,752710,0,0,0
politics,2023-04,date_utc,string,752710,0,0,0
politics,2023-04,distinguished,string,752710,752710,752710,0
politics,2023-04,edited,string,752710,0,0,752710
politics,2023-04,id,string,752710,0,0,0
politics,2023-04,is_bot_name_heuristic,boolean,752710,0,0,0
politics,2023-04,is_deleted_author,boolean,752710,0,0,0
politics,2023-04,is_short_text,boolean,752710,0,0,0
politics,2023-04,is_url_only,boolean,752710,0,0,0
politics,2023-04,link_id,string,752710,0,0,0
politics,2023-04,parent_id,string,752710,1,1,0
politics,2023-04,permalink,string,752710,0,0,0
politics,2023-04,score,Int64,752710,0,0,0
politics,2023-04,stickied,boolean,752710,0,0,0
politics,2023-04,subreddit,string,752710,0,0,0
politics,2023-04,year_month,string,752710,0,0,0
